link,start,end,video,utterance,arousal,valence,EmotionMaxVote
https://www.youtube.com/watch?v=xfsvvbTlR38,0.8757512496324611,16.93119082622758,74de88564,utterance_1.mp4,0.057386889393300014,0.114515408794,4
https://www.youtube.com/watch?v=xfsvvbTlR38,17.223107909438404,32.861523081446634,74de88564,utterance_2.mp4,0.182123842077,0.255681810209,4
https://www.youtube.com/watch?v=xfsvvbTlR38,33.86238165245516,34.73813290208763,74de88564,utterance_3.mp4,0.334812310222,0.0658844403379,4
https://www.youtube.com/watch?v=xfsvvbTlR38,35.03004998529845,37.0317671273155,74de88564,utterance_4.mp4,0.509277020873,0.08100547696289999,4
https://www.youtube.com/watch?v=xfsvvbTlR38,37.36538665098501,38.533054983828286,74de88564,utterance_5.mp4,0.288493102461,-0.08982827117280001,4
https://www.youtube.com/watch?v=xfsvvbTlR38,39.40880623346075,40.7015818876801,74de88564,utterance_6.mp4,0.541360409764,0.14135798020999998,6
https://www.youtube.com/watch?v=xfsvvbTlR38,41.160308732725674,42.453084386945015,74de88564,utterance_7.mp4,0.241240263521,-0.141828871704,5
https://www.youtube.com/watch?v=xfsvvbTlR38,42.61989414877977,43.996074683916504,74de88564,utterance_8.mp4,0.16404043090099998,-0.182140874613,5
https://www.youtube.com/watch?v=xfsvvbTlR38,44.07947956483388,48.16631872978537,74de88564,utterance_9.mp4,0.108649323366,-0.0067492703954200005,3
https://www.youtube.com/watch?v=xfsvvbTlR38,48.750152896207005,49.75101146721553,74de88564,utterance_10.mp4,0.0585964394547,-0.0304165924831,4
https://www.youtube.com/watch?v=xfsvvbTlR38,49.91782122905028,54.58849456042341,74de88564,utterance_11.mp4,0.231266152998,0.230572418315,4
https://www.youtube.com/watch?v=xfsvvbTlR38,55.17232872684505,63.63792413995884,74de88564,utterance_12.mp4,0.147697743213,0.114747106288,4
https://www.youtube.com/watch?v=xfsvvbTlR38,63.63792413995884,70.26861217289033,74de88564,utterance_13.mp4,0.26541013869,0.249485699678,4
https://www.youtube.com/watch?v=xfsvvbTlR38,70.64393413701853,72.6039488385769,74de88564,utterance_14.mp4,0.128848049396,0.140706187372,4
https://www.youtube.com/watch?v=xfsvvbTlR38,72.68735371949428,77.52483681270216,74de88564,utterance_15.mp4,0.143888698423,0.182773818014,4
https://www.youtube.com/watch?v=xfsvvbTlR38,78.23377830049986,84.07211996471626,74de88564,utterance_16.mp4,0.361962152997,0.44686605371,3
https://www.youtube.com/watch?v=xfsvvbTlR38,84.07211996471626,86.8661834754484,74de88564,utterance_17.mp4,0.161917302548,0.239649037313,4
https://www.youtube.com/watch?v=xfsvvbTlR38,87.28320788003528,96.33263745957073,74de88564,utterance_18.mp4,0.469498469732,0.270665184105,4
https://www.youtube.com/watch?v=xfsvvbTlR38,96.91647162599237,101.75395471920024,74de88564,utterance_19.mp4,0.362077570577,0.475700298505,3
https://www.youtube.com/watch?v=xfsvvbTlR38,101.8790620405763,113.84766245221994,74de88564,utterance_20.mp4,0.297801162407,0.252218216525,4
https://www.youtube.com/watch?v=xfsvvbTlR38,114.13957953543076,115.76597471331962,74de88564,utterance_21.mp4,0.234628673453,0.234288282382,4
https://www.youtube.com/watch?v=gG1zIeeobkA,0.0,10.20470479704797,8c49a05d3_1,utterance_1.mp4,0.807007378812,0.194555983839,0
https://www.youtube.com/watch?v=gG1zIeeobkA,9.804520295202952,20.309363468634686,8c49a05d3_1,utterance_2.mp4,0.753147304851,0.468756136473,0
https://www.youtube.com/watch?v=gG1zIeeobkA,19.8424815498155,30.547416974169742,8c49a05d3_1,utterance_3.mp4,0.744507855886,-0.0908087015602,0
https://www.youtube.com/watch?v=gG1zIeeobkA,30.113883763837634,33.9489852398524,8c49a05d3_1,utterance_4.mp4,0.640441588658,0.118168410319,5
https://www.youtube.com/watch?v=gG1zIeeobkA,33.615498154981545,35.81651291512915,8c49a05d3_1,utterance_5.mp4,0.299729204406,0.0932194749193,0
https://www.youtube.com/watch?v=NF0yeLqb-D4,0.23350710900473937,6.0711848341232235,9e9c69399_1,utterance_1.mp4,0.6478565656399999,0.659422189611,4
https://www.youtube.com/watch?v=NF0yeLqb-D4,6.304691943127962,16.579004739336494,9e9c69399_1,utterance_2.mp4,0.702911634084,0.524624994126,3
https://www.youtube.com/watch?v=NF0yeLqb-D4,16.111990521327016,21.015639810426542,9e9c69399_1,utterance_3.mp4,0.7047864225280001,-0.174386381327,4
https://www.youtube.com/watch?v=NF0yeLqb-D4,21.24914691943128,31.890399458361546,9e9c69399_1,utterance_4.mp4,0.5944530231840001,0.269253393292,3
https://www.youtube.com/watch?v=NF0yeLqb-D4,31.75696682464455,42.031279620853084,9e9c69399_1,utterance_5.mp4,0.8158507059010001,0.471524090721,3
https://www.youtube.com/watch?v=hqkHmWTSsBc,0.0,10.25338144329897,784a2f83f_1,utterance_1.mp4,0.420358599349,0.228507589763,3
https://www.youtube.com/watch?v=hqkHmWTSsBc,9.628175257731959,19.923237113402063,784a2f83f_1,utterance_2.mp4,0.27408513778,-0.439331094361,3
https://www.youtube.com/watch?v=hqkHmWTSsBc,19.548113402061855,29.84317525773196,784a2f83f_1,utterance_3.mp4,0.143457827826,0.123189078776,5
https://www.youtube.com/watch?v=hqkHmWTSsBc,29.468051546391752,40.01319587628866,784a2f83f_1,utterance_4.mp4,0.237578660116,0.123243382326,4
https://www.youtube.com/watch?v=iVGhrfCoBks,0.5836690647482015,10.839568345323741,e514236d0_1,utterance_1.mp4,0.606626656419,0.601272978519,4
https://www.youtube.com/watch?v=iVGhrfCoBks,10.797877697841725,12.54888489208633,e514236d0_1,utterance_2.mp4,0.391900782519,0.215776989531,4
https://www.youtube.com/watch?v=iVGhrfCoBks,12.84071942446043,22.63802158273381,e514236d0_1,utterance_3.mp4,0.57042747727,0.27970164625,4
https://www.youtube.com/watch?v=iVGhrfCoBks,22.17942446043165,32.56039568345324,e514236d0_1,utterance_4.mp4,0.604844434013,0.543105309986,4
https://www.youtube.com/watch?v=iVGhrfCoBks,32.10179856115108,42.35769784172662,e514236d0_1,utterance_5.mp4,0.5493714698100001,0.528469472113,4
https://www.youtube.com/watch?v=iVGhrfCoBks,42.0241726618705,44.44223021582734,e514236d0_1,utterance_6.mp4,0.398938516485,0.489779306768,4
https://www.youtube.com/watch?v=iVGhrfCoBks,44.3588489208633,54.573057553956836,e514236d0_1,utterance_7.mp4,0.438406663037,0.139178662595,4
https://www.youtube.com/watch?v=iVGhrfCoBks,53.98938848920863,58.90888489208633,e514236d0_1,utterance_8.mp4,0.388630941684,0.0412054403856,4
https://www.youtube.com/watch?v=iVGhrfCoBks,58.95057553956834,65.2041726618705,e514236d0_1,utterance_9.mp4,0.3409654764060001,0.401575672147,4
https://www.youtube.com/watch?v=iVGhrfCoBks,65.37093525179856,69.91521582733812,e514236d0_1,utterance_10.mp4,0.421502908764,0.216105414943,4
https://www.youtube.com/watch?v=iVGhrfCoBks,70.04028776978417,78.42010791366907,e514236d0_1,utterance_11.mp4,0.422715117379,0.329551858671,4
https://www.youtube.com/watch?v=E7F-OymZVm4,0.2333333333333333,5.566666666666666,fb1d1b14e_1,utterance_1.mp4,0.847870050987,0.8341529826899999,3
https://www.youtube.com/watch?v=E7F-OymZVm4,5.6,16.2,fb1d1b14e_1,utterance_2.mp4,0.69370828072,0.7467344034829999,3
https://www.youtube.com/watch?v=E7F-OymZVm4,15.866666666666665,24.9,fb1d1b14e_1,utterance_3.mp4,0.496263989115,0.123367561548,4
https://www.youtube.com/watch?v=E7F-OymZVm4,25.2,35.53333333333333,fb1d1b14e_1,utterance_4.mp4,0.687804297183,0.572994811776,3
https://www.youtube.com/watch?v=E7F-OymZVm4,35.233333333333334,45.93333333333333,fb1d1b14e_1,utterance_5.mp4,0.15787104247,-0.270037538512,5
https://www.youtube.com/watch?v=E7F-OymZVm4,45.49999999999999,55.599999999999994,fb1d1b14e_1,utterance_6.mp4,0.146858091409,-0.14673997483200002,5
https://www.youtube.com/watch?v=E7F-OymZVm4,57.86666666666666,62.36666666666665,fb1d1b14e_1,utterance_8.mp4,0.290963083069,0.15204370798699998,3
https://www.youtube.com/watch?v=E7F-OymZVm4,62.533333333333324,64.6,fb1d1b14e_1,utterance_9.mp4,0.29089539377900003,0.301644470796,3
https://www.youtube.com/watch?v=E7F-OymZVm4,64.86666666666666,75.39999999999999,fb1d1b14e_1,utterance_10.mp4,0.36760531716,-0.305315093652,4
https://www.youtube.com/watch?v=E7F-OymZVm4,75.13333333333333,85.53333333333332,fb1d1b14e_1,utterance_11.mp4,0.16114400673499998,-0.483051054814,5
https://www.youtube.com/watch?v=E7F-OymZVm4,84.93333333333332,89.13333333333333,fb1d1b14e_1,utterance_12.mp4,0.432682752831,0.148063963074,3
https://www.youtube.com/watch?v=E7F-OymZVm4,89.6,94.49999999999999,fb1d1b14e_1,utterance_13.mp4,0.382314532439,-0.09294602636939997,5
https://www.youtube.com/watch?v=E7F-OymZVm4,95.19999999999999,99.8,fb1d1b14e_1,utterance_14.mp4,0.287449955227,-0.0227380812833,4
https://www.youtube.com/watch?v=E7F-OymZVm4,99.86666666666666,109.26666666666667,fb1d1b14e_1,utterance_15.mp4,0.276256057012,-0.268294945834,5
https://www.youtube.com/watch?v=E7F-OymZVm4,113.39999999999999,118.23333333333332,fb1d1b14e_1,utterance_17.mp4,0.265995625708,-0.07708880166189999,5
https://www.youtube.com/watch?v=E7F-OymZVm4,118.53333333333332,129.13333333333333,fb1d1b14e_1,utterance_18.mp4,0.579615697392,-0.0939473132067,0
https://www.youtube.com/watch?v=E7F-OymZVm4,128.79999999999998,138.7,fb1d1b14e_1,utterance_19.mp4,0.663226721232,0.059727050580699985,0
https://www.youtube.com/watch?v=E7F-OymZVm4,138.83333333333334,149.43333333333334,fb1d1b14e_1,utterance_20.mp4,0.284858819828,-0.0185720989918,5
https://www.youtube.com/watch?v=E7F-OymZVm4,148.86666666666665,159.46666666666664,fb1d1b14e_1,utterance_21.mp4,0.181540426845,0.00313357804246,5
https://www.youtube.com/watch?v=E7F-OymZVm4,159.13333333333333,164.13333333333333,fb1d1b14e_1,utterance_22.mp4,0.355484445431,0.00322191756181,5
https://www.youtube.com/watch?v=E7F-OymZVm4,164.5,169.0,fb1d1b14e_1,utterance_23.mp4,0.265713875547,0.0338855860336,5
https://www.youtube.com/watch?v=E7F-OymZVm4,170.33333333333334,179.16666666666663,fb1d1b14e_1,utterance_24.mp4,0.537661764772,-0.120685879127,0
https://www.youtube.com/watch?v=E7F-OymZVm4,179.43333333333334,189.96666666666664,fb1d1b14e_1,utterance_25.mp4,0.369914437324,-0.022685016361,4
https://www.youtube.com/watch?v=E7F-OymZVm4,189.7,192.93333333333334,fb1d1b14e_1,utterance_26.mp4,0.226187282123,0.0774435430103,4
https://www.youtube.com/watch?v=E7F-OymZVm4,192.96666666666664,203.06666666666663,fb1d1b14e_1,utterance_27.mp4,0.216447216556,-0.0371536583875,4
https://www.youtube.com/watch?v=E7F-OymZVm4,202.53333333333333,207.89999999999998,fb1d1b14e_1,utterance_28.mp4,0.152397845747,-0.051868560704,1
https://www.youtube.com/watch?v=E7F-OymZVm4,208.13333333333333,218.63333333333333,fb1d1b14e_1,utterance_29.mp4,0.365456783309,-0.037467115903,0
https://www.youtube.com/watch?v=E7F-OymZVm4,218.16666666666663,225.46666666666664,fb1d1b14e_1,utterance_30.mp4,0.498235656947,-0.0392568868352,0
https://www.youtube.com/watch?v=E7F-OymZVm4,226.79999999999998,237.49999999999997,fb1d1b14e_1,utterance_31.mp4,0.17678060550799998,-0.0528417267646,0
https://www.youtube.com/watch?v=E7F-OymZVm4,237.06666666666663,239.46666666666664,fb1d1b14e_1,utterance_32.mp4,0.34686914093500004,-0.0246036607039,0
https://www.youtube.com/watch?v=E7F-OymZVm4,239.6333333333333,250.1333333333333,fb1d1b14e_1,utterance_33.mp4,0.5221039778809999,-0.0581154676006,0
https://www.youtube.com/watch?v=E7F-OymZVm4,249.66666666666666,252.23333333333332,fb1d1b14e_1,utterance_34.mp4,0.559719903835,-0.0899735432292,0
https://www.youtube.com/watch?v=E7F-OymZVm4,252.4666666666666,256.5,fb1d1b14e_1,utterance_35.mp4,0.49210778846,-0.14797388569599998,0
https://www.youtube.com/watch?v=E7F-OymZVm4,259.9333333333333,267.0333333333333,fb1d1b14e_1,utterance_37.mp4,0.394410949965,-0.0660534110185,5
https://www.youtube.com/watch?v=E7F-OymZVm4,267.1666666666667,277.7333333333333,fb1d1b14e_1,utterance_38.mp4,0.341592124001,-0.0451647862971,5
https://www.youtube.com/watch?v=E7F-OymZVm4,277.2,287.0333333333333,fb1d1b14e_1,utterance_39.mp4,0.117291150416,-0.0950010198697,5
https://www.youtube.com/watch?v=E7F-OymZVm4,287.7,290.76666666666665,fb1d1b14e_1,utterance_40.mp4,0.0992299367698,-0.00140312967677,5
https://www.youtube.com/watch?v=jYErO4Ibjt4,2.799413817166783,13.330541986508493,2c4ad740c_1,utterance_1.mp4,0.711544864403,0.34951987500500004,4
https://www.youtube.com/watch?v=jYErO4Ibjt4,12.597362177250524,21.22888811351477,2c4ad740c_1,utterance_2.mp4,0.0493360315376,0.0473613943047,4
https://www.youtube.com/watch?v=jYErO4Ibjt4,21.46217259827867,31.926648057687835,2c4ad740c_1,utterance_3.mp4,0.658280089386,0.519155129509,3
https://www.youtube.com/watch?v=jYErO4Ibjt4,31.493405443126314,40.69147941381717,2c4ad740c_1,utterance_4.mp4,0.512338201404,0.511565811015,3
https://www.youtube.com/watch?v=jYErO4Ibjt4,40.12493137939056,49.52296347987904,2c4ad740c_1,utterance_5.mp4,0.4982174178600001,-0.3455335017,2
https://www.youtube.com/watch?v=jYErO4Ibjt4,48.989741800418706,58.78769016050245,2c4ad740c_1,utterance_6.mp4,0.452273332464,-0.25173841004700004,2
https://www.youtube.com/watch?v=jYErO4Ibjt4,58.32112119097465,68.4523331007211,2c4ad740c_1,utterance_7.mp4,0.5830062530269999,-0.0573548618445,2
https://www.youtube.com/watch?v=jYErO4Ibjt4,67.8857850662945,78.38358688066994,2c4ad740c_1,utterance_8.mp4,0.438971781697,0.218437563833,3
https://www.youtube.com/watch?v=jYErO4Ibjt4,88.18153524075367,98.74598976506165,2c4ad740c_1,utterance_10.mp4,0.300136102993,-0.185791041385,2
https://www.youtube.com/watch?v=jYErO4Ibjt4,98.2127680856013,108.61059083507794,2c4ad740c_1,utterance_11.mp4,0.217029811968,-0.240272214663,2
https://www.youtube.com/watch?v=jYErO4Ibjt4,108.24400093044895,118.6084973249593,2c4ad740c_1,utterance_12.mp4,0.392822280502,-0.0374983257454,2
https://www.youtube.com/watch?v=jYErO4Ibjt4,118.04194929053268,128.43977204000933,2c4ad740c_1,utterance_13.mp4,0.309351029942,-0.235109323688,2
https://www.youtube.com/watch?v=jYErO4Ibjt4,128.0731821353803,138.5376575947895,2c4ad740c_1,utterance_14.mp4,0.615646404205,0.12871093890000002,4
https://www.youtube.com/watch?v=jYErO4Ibjt4,137.87113049546406,143.20334729006748,2c4ad740c_1,utterance_15.mp4,0.427528365143,0.00517292343916,3
https://www.youtube.com/watch?v=cv3zSapur9w,19.99683950617284,30.649917695473253,3a700d419_1,utterance_3.mp4,0.355511438738,0.261646055952,4
https://www.youtube.com/watch?v=cv3zSapur9w,30.41186008230453,36.720386831275725,3a700d419_1,utterance_4.mp4,0.271764828665,0.177091246673,4
https://www.youtube.com/watch?v=cv3zSapur9w,37.91067489711934,48.623267489711935,3a700d419_1,utterance_5.mp4,0.432048568264,0.61131801185,4
https://www.youtube.com/watch?v=cv3zSapur9w,48.32569547325103,58.50265843621399,3a700d419_1,utterance_6.mp4,0.321005333321,0.206204184981,4
https://www.youtube.com/watch?v=cv3zSapur9w,57.90751440329218,68.14399176954733,3a700d419_1,utterance_7.mp4,0.454694253099,0.37146803357,3
https://www.youtube.com/watch?v=4Bht9GsKQmw,0.0,10.304644870349492,4b93b8b75_1,utterance_1.mp4,0.6240899331549999,-0.178007849104,1
https://www.youtube.com/watch?v=4Bht9GsKQmw,9.804419391206311,20.309154453213075,4b93b8b75_1,utterance_2.mp4,0.512184472695,0.14437171664999998,4
https://www.youtube.com/watch?v=4Bht9GsKQmw,20.075715896279593,28.87968432919955,4b93b8b75_1,utterance_3.mp4,0.385693050003,0.251788541978,4
https://www.youtube.com/watch?v=4Uvg3eD43HE,0.0,10.09935421994885,7e4854cd1_1,utterance_1.mp4,0.451631929359,0.4692034047950001,3
https://www.youtube.com/watch?v=4Uvg3eD43HE,9.799373401534528,20.398695652173913,7e4854cd1_1,utterance_2.mp4,0.475701689872,0.422471480131,3
https://www.youtube.com/watch?v=4Uvg3eD43HE,20.065383631713555,30.364725063938618,7e4854cd1_1,utterance_3.mp4,0.592697856819,0.557865963319,3
https://www.youtube.com/watch?v=4Uvg3eD43HE,29.864757033248083,36.06436061381074,7e4854cd1_1,utterance_4.mp4,0.599392143463,0.573868051177,3
https://www.youtube.com/watch?v=4Uvg3eD43HE,36.3976726342711,45.19710997442455,7e4854cd1_1,utterance_5.mp4,0.186895957384,0.0500166057859,4
https://www.youtube.com/watch?v=4Uvg3eD43HE,45.26377237851663,55.36312659846548,7e4854cd1_1,utterance_6.mp4,0.156294959431,0.182965728707,4
https://www.youtube.com/watch?v=4Uvg3eD43HE,54.8298273657289,65.39581841432226,7e4854cd1_1,utterance_7.mp4,0.166201851475,-0.0879503578603,4
https://www.youtube.com/watch?v=4Uvg3eD43HE,65.09583759590792,75.59516624040921,7e4854cd1_1,utterance_8.mp4,0.122208780713,-0.15505739365,5
https://www.youtube.com/watch?v=4Uvg3eD43HE,75.36184782608696,85.96117007672636,7e4854cd1_1,utterance_9.mp4,0.15573662720200002,0.213866314152,4
https://www.youtube.com/watch?v=4Uvg3eD43HE,85.39453964194374,93.9273273657289,7e4854cd1_1,utterance_10.mp4,0.257365342744,0.28860480372200004,3
https://www.youtube.com/watch?v=4Uvg3eD43HE,94.26063938618927,103.96001918158568,7e4854cd1_1,utterance_11.mp4,0.351142904753,0.573793768125,3
https://www.youtube.com/watch?v=c-_-69ggg_g,4.903601881799471,7.305366068803293,9c772b88e_1,utterance_1.mp4,0.166213226725,0.0969586726903,4
https://www.youtube.com/watch?v=c-_-69ggg_g,12.142252278741548,17.17928550426345,9c772b88e_1,utterance_3.mp4,0.409303258493,0.167925630298,0
https://www.youtube.com/watch?v=c-_-69ggg_g,19.614407527197883,21.44908850338136,9c772b88e_1,utterance_4.mp4,0.311121390767,-0.06811685242240001,5
https://www.youtube.com/watch?v=c-_-69ggg_g,23.11698029991179,25.81896501029109,9c772b88e_1,utterance_5.mp4,0.60404160747,0.540292962484,1
https://www.youtube.com/watch?v=c-_-69ggg_g,27.086562775654222,29.52168479858865,9c772b88e_1,utterance_6.mp4,0.32676087903,-0.203469426615,5
https://www.youtube.com/watch?v=c-_-69ggg_g,34.792222875624816,45.29994119376654,9c772b88e_1,utterance_8.mp4,0.334891780305,0.200093818184,4
https://www.youtube.com/watch?v=c-_-69ggg_g,44.83293149073803,55.00707144957366,9c772b88e_1,utterance_9.mp4,0.448184785052,0.24751417458,3
https://www.youtube.com/watch?v=c-_-69ggg_g,54.64013525433696,65.11449573654808,9c772b88e_1,utterance_10.mp4,0.439696987583,0.312188793665,5
https://www.youtube.com/watch?v=c-_-69ggg_g,64.4473390179359,73.88760658629815,9c772b88e_1,utterance_11.mp4,0.342462139524,-0.0386806165806,5
https://www.youtube.com/watch?v=c-_-69ggg_g,73.55402822699206,83.49466333431344,9c772b88e_1,utterance_12.mp4,0.33677666661300004,-0.267996333402,5
https://www.youtube.com/watch?v=c-_-69ggg_g,82.89422228756249,92.63471037930022,9c772b88e_1,utterance_13.mp4,0.341608394353,0.0728519512265,5
https://www.youtube.com/watch?v=c-_-69ggg_g,92.46792119964717,103.00899735371951,9c772b88e_1,utterance_14.mp4,0.331614178847,0.0806108223165,5
https://www.youtube.com/watch?v=c-_-69ggg_g,102.74213466627462,113.0497059688327,9c772b88e_1,utterance_15.mp4,0.28624915909800003,0.18412770118,4
https://www.youtube.com/watch?v=ZBu0wuOfPkg,2.3331796223100567,12.865819060166885,50c601f3f_1,utterance_1.mp4,0.5036215283309999,0.6456428966910001,3
https://www.youtube.com/watch?v=ZBu0wuOfPkg,12.365851998243302,22.76516688625384,50c601f3f_1,utterance_2.mp4,0.425181667702,0.602395793667,3
https://www.youtube.com/watch?v=ZBu0wuOfPkg,22.16520641194554,32.63118357487923,50c601f3f_1,utterance_3.mp4,0.241899968088,0.467699390761,3
https://www.youtube.com/watch?v=ZBu0wuOfPkg,32.197878787878786,42.76384936319718,50c601f3f_1,utterance_4.mp4,0.311765200324,0.7423814526379999,3
https://www.youtube.com/watch?v=ZBu0wuOfPkg,42.463869126043036,52.996508563899866,50c601f3f_1,utterance_5.mp4,0.116492718582,0.13456024897,4
https://www.youtube.com/watch?v=ZBu0wuOfPkg,52.49654150197628,63.062512077294684,50c601f3f_1,utterance_6.mp4,0.123577013939,0.188463846481,4
https://www.youtube.com/watch?v=ZBu0wuOfPkg,62.76253184014054,73.3618335529205,50c601f3f_1,utterance_7.mp4,0.127504676074,0.0132590392129,2
https://www.youtube.com/watch?v=ZBu0wuOfPkg,73.02852217830478,83.59449275362319,50c601f3f_1,utterance_8.mp4,0.0984405407113,0.0204198358505,2
https://www.youtube.com/watch?v=ZBu0wuOfPkg,83.06119455423803,93.76048967940271,50c601f3f_1,utterance_9.mp4,0.114555044028,0.16191251658199998,5
https://www.youtube.com/watch?v=ZBu0wuOfPkg,93.32718489240229,103.92648660518225,50c601f3f_1,utterance_10.mp4,0.199483643832,0.466675038127,3
https://www.youtube.com/watch?v=ZBu0wuOfPkg,103.59317523056653,114.1924769433465,50c601f3f_1,utterance_11.mp4,0.153115454716,0.0712664927973,5
https://www.youtube.com/watch?v=ZBu0wuOfPkg,113.62584760649978,121.82530742204655,50c601f3f_1,utterance_12.mp4,0.144435658731,0.012734671236299998,5
https://www.youtube.com/watch?v=ZBu0wuOfPkg,122.02529424681597,132.65792709705752,50c601f3f_1,utterance_13.mp4,0.159825252417,0.108867238257,6
https://www.youtube.com/watch?v=ZBu0wuOfPkg,132.29128458498025,142.9905797101449,50c601f3f_1,utterance_14.mp4,0.127761278789,0.287613147477,4
https://www.youtube.com/watch?v=ZBu0wuOfPkg,142.5572749231445,151.556682037769,50c601f3f_1,utterance_15.mp4,0.171492431426,0.41882704131,3
https://www.youtube.com/watch?v=wftcpEbivRo,0.0,10.309992678015742,179b7f51a_1,utterance_1.mp4,0.545718273485,0.856059149181,3
https://www.youtube.com/watch?v=wftcpEbivRo,10.276627005918606,20.586619683934348,179b7f51a_1,utterance_2.mp4,0.197205037944,0.48998613008,4
https://www.youtube.com/watch?v=wftcpEbivRo,20.086134602477273,30.39612728049302,179b7f51a_1,utterance_3.mp4,0.528410981144,0.910601083272,3
https://www.youtube.com/watch?v=wftcpEbivRo,30.596321313075848,36.969164683629266,179b7f51a_1,utterance_4.mp4,0.26971641994,0.183358096419,3
https://www.youtube.com/watch?v=wftcpEbivRo,37.36955274879493,47.67954542681067,179b7f51a_1,utterance_5.mp4,0.276994011852,0.108442750024,2
https://www.youtube.com/watch?v=wftcpEbivRo,47.1790603453536,57.42232167917506,179b7f51a_1,utterance_6.mp4,0.420863024226,0.32658092926300003,4
https://www.youtube.com/watch?v=wftcpEbivRo,56.755008237232296,65.8972023918482,179b7f51a_1,utterance_7.mp4,0.360347728351,0.350608161319,3
https://www.youtube.com/watch?v=wftcpEbivRo,65.63027701507109,75.740075660504,179b7f51a_1,utterance_8.mp4,0.23565758395,0.17573030176600002,4
https://www.youtube.com/watch?v=wftcpEbivRo,75.67334431630974,85.98333699432547,179b7f51a_1,utterance_9.mp4,0.371787583943,0.3558731541790001,3
https://www.youtube.com/watch?v=wftcpEbivRo,85.4828519128684,90.0205833180792,179b7f51a_1,utterance_10.mp4,0.469588817806,0.560145741855,3
https://www.youtube.com/watch?v=wftcpEbivRo,90.15404600646777,95.12553114894136,179b7f51a_1,utterance_11.mp4,0.359566533919,0.172880419465,4
https://www.youtube.com/watch?v=wftcpEbivRo,95.29235950942707,103.9340685825859,179b7f51a_1,utterance_12.mp4,0.194691469944,0.006795538604939999,4
https://www.youtube.com/watch?v=wftcpEbivRo,103.9340685825859,114.44425529318445,179b7f51a_1,utterance_13.mp4,0.573319718777,0.6021127245719999,3
https://www.youtube.com/watch?v=wftcpEbivRo,113.97713588382452,124.4873225944231,179b7f51a_1,utterance_14.mp4,0.21937895257,0.366697593648,0
https://www.youtube.com/watch?v=wftcpEbivRo,124.25376288974313,128.72476295075967,179b7f51a_1,utterance_15.mp4,0.209620637997,0.07496879166380001,4
https://www.youtube.com/watch?v=wftcpEbivRo,128.69139727866252,139.2015839892611,179b7f51a_1,utterance_16.mp4,0.570555727641,0.901629226758,3
https://www.youtube.com/watch?v=wftcpEbivRo,138.73446457990116,149.24465129049975,179b7f51a_1,utterance_17.mp4,0.369203369031,0.229984603124,4
https://www.youtube.com/watch?v=wftcpEbivRo,148.7775318811398,157.28577826591007,179b7f51a_1,utterance_18.mp4,0.376655958199,0.17558050980099998,4
https://www.youtube.com/watch?v=wftcpEbivRo,157.41924095429863,168.36318140216,179b7f51a_1,utterance_19.mp4,0.354240513071,0.183610859772,4
https://www.youtube.com/watch?v=wftcpEbivRo,167.9294276648972,178.6398084080786,179b7f51a_1,utterance_20.mp4,0.387651798194,0.21885509924,4
https://www.youtube.com/watch?v=wftcpEbivRo,178.2060546708158,187.84873390688878,179b7f51a_1,utterance_21.mp4,0.384473154548,0.163777119021,4
https://www.youtube.com/watch?v=wftcpEbivRo,187.31488315333456,198.02526389651598,179b7f51a_1,utterance_22.mp4,0.388858495189,0.294689397847,3
https://www.youtube.com/watch?v=wftcpEbivRo,197.59151015925318,208.20179388614315,179b7f51a_1,utterance_23.mp4,0.570034350072,0.863244111425,3
https://www.youtube.com/watch?v=wftcpEbivRo,207.6345774604918,217.87783879431328,179b7f51a_1,utterance_24.mp4,0.498251275447,0.603624574604,0
https://www.youtube.com/watch?v=wftcpEbivRo,217.91120446641042,227.52051803038626,179b7f51a_1,utterance_25.mp4,0.233563061515,0.331592893537,4
https://www.youtube.com/watch?v=wftcpEbivRo,227.95427176764903,238.66465251083045,179b7f51a_1,utterance_26.mp4,0.318316234152,0.186710458439,3
https://www.youtube.com/watch?v=wftcpEbivRo,238.23089877356765,248.0404063701263,179b7f51a_1,utterance_27.mp4,0.290400100506,0.0125120449326,4
https://www.youtube.com/watch?v=wftcpEbivRo,247.57328696076638,257.7831826224907,179b7f51a_1,utterance_28.mp4,0.21397795466,0.0365417715295,4
https://www.youtube.com/watch?v=wftcpEbivRo,257.1492348526451,267.6927872353408,179b7f51a_1,utterance_29.mp4,0.383959277704,0.089290310494,4
https://www.youtube.com/watch?v=wftcpEbivRo,267.4258618585637,277.50229483189946,179b7f51a_1,utterance_30.mp4,0.395947114951,0.198997079556,3
https://www.youtube.com/watch?v=wftcpEbivRo,277.2353694551224,287.01151137958385,179b7f51a_1,utterance_31.mp4,0.5050336469169999,0.240845097426,3
https://www.youtube.com/watch?v=wftcpEbivRo,286.5777576423211,296.98784733662825,179b7f51a_1,utterance_32.mp4,0.391255672487,-0.17618564224199998,4
https://www.youtube.com/watch?v=q2WcRtefhjM,0.5836611062335382,10.839420544337138,3974e282c_1,utterance_1.mp4,0.291865001775,0.171272966178,3
https://www.youtube.com/watch?v=q2WcRtefhjM,10.505899912203686,19.802787532923617,3974e282c_1,utterance_2.mp4,0.385181549039,0.044757127623800005,4
https://www.youtube.com/watch?v=q2WcRtefhjM,19.26081650570676,30.266997366110623,3974e282c_1,utterance_3.mp4,0.56368571043,0.416769935902,3
https://www.youtube.com/watch?v=q2WcRtefhjM,30.058546971027216,40.39768656716418,3974e282c_1,utterance_4.mp4,0.610083897828,0.462880046978,3
https://www.youtube.com/watch?v=q2WcRtefhjM,39.980785776997365,49.527813871817386,3974e282c_1,utterance_5.mp4,0.5090918509319999,-0.040185557735300005,0
https://www.youtube.com/watch?v=q2WcRtefhjM,49.02753292361721,59.533432835820896,3974e282c_1,utterance_6.mp4,0.418476261659,0.209076698222,4
https://www.youtube.com/watch?v=q2WcRtefhjM,58.949771729587354,69.1221510096576,3974e282c_1,utterance_7.mp4,0.544002545837,0.210261527621,3
https://www.youtube.com/watch?v=q2WcRtefhjM,68.58017998244074,79.08607989464443,3974e282c_1,utterance_8.mp4,0.7409106574500001,-0.00881550865971,3
https://www.youtube.com/watch?v=q2WcRtefhjM,78.50241878841089,86.17339332748024,3974e282c_1,utterance_9.mp4,0.52931358587,0.103209240512,3
https://www.youtube.com/watch?v=q2WcRtefhjM,86.38184372256364,92.84380597014925,3974e282c_1,utterance_10.mp4,0.528414364677,0.075394732795,3
https://www.youtube.com/watch?v=TeM9GyKMy9Y,2.0996067415730337,12.197715355805244,7108cf2a9_1,utterance_1.mp4,0.655059063911,0.425051061926,3
https://www.youtube.com/watch?v=TeM9GyKMy9Y,11.897771535580524,20.19621722846442,7108cf2a9_1,utterance_2.mp4,0.573675301257,0.347618812173,3
https://www.youtube.com/watch?v=TeM9GyKMy9Y,20.29619850187266,30.794232209737828,7108cf2a9_1,utterance_3.mp4,0.300817800402,0.598131110088,3
https://www.youtube.com/watch?v=TeM9GyKMy9Y,30.560942571785265,41.15895755305867,7108cf2a9_1,utterance_4.mp4,0.312177127479,0.695612181857,3
https://www.youtube.com/watch?v=TeM9GyKMy9Y,40.59239700374532,51.223739076154814,7108cf2a9_1,utterance_5.mp4,0.19699888672,0.251772105031,3
https://www.youtube.com/watch?v=TeM9GyKMy9Y,50.85714107365793,61.15521223470661,7108cf2a9_1,utterance_6.mp4,0.295689123903,0.183873053213,3
https://www.youtube.com/watch?v=TeM9GyKMy9Y,60.65530586766542,71.05335830212235,7108cf2a9_1,utterance_7.mp4,0.352349816509,0.144833277776,4
https://www.youtube.com/watch?v=TeM9GyKMy9Y,70.45347066167291,79.85171036204744,7108cf2a9_1,utterance_8.mp4,0.376598022275,-0.0511065820793,3
https://www.youtube.com/watch?v=TeM9GyKMy9Y,80.01834581772783,90.64968789013732,7108cf2a9_1,utterance_9.mp4,0.248578296797,0.315612847535,3
https://www.youtube.com/watch?v=TeM9GyKMy9Y,90.28308988764046,100.8477777777778,7108cf2a9_1,utterance_10.mp4,0.20578493772,0.238183101529,3
https://www.youtube.com/watch?v=OcEXF9GMEqs,11.910225563909774,17.081331901181528,bcbdeab0e_1,utterance_2.mp4,0.173481872568,0.498627243495,5
https://www.youtube.com/watch?v=OcEXF9GMEqs,17.515037593984964,22.819591836734695,bcbdeab0e_1,utterance_3.mp4,0.09446111109660002,0.221779101312,4
https://www.youtube.com/watch?v=OcEXF9GMEqs,26.155789473684216,28.391041890440388,bcbdeab0e_1,utterance_5.mp4,0.158942843039,0.131426473618,5
https://www.youtube.com/watch?v=OcEXF9GMEqs,29.658796992481204,35.397056928034374,bcbdeab0e_1,utterance_6.mp4,0.0912362269561,0.0530721778053,5
https://www.youtube.com/watch?v=OcEXF9GMEqs,35.49714285714286,40.0343716433942,bcbdeab0e_1,utterance_7.mp4,0.108903684683,-0.07212823177519999,5
https://www.youtube.com/watch?v=OcEXF9GMEqs,40.86842105263158,42.66996777658432,bcbdeab0e_1,utterance_8.mp4,0.10542379056,-0.0349525606338,5
https://www.youtube.com/watch?v=OcEXF9GMEqs,44.83849624060151,46.973662728249195,bcbdeab0e_1,utterance_9.mp4,0.0759718193229,-0.0255790517996,5
https://www.youtube.com/watch?v=OcEXF9GMEqs,48.3415037593985,54.51346938775511,bcbdeab0e_1,utterance_10.mp4,0.358926193952,0.000949634181057,4
https://www.youtube.com/watch?v=OcEXF9GMEqs,56.982255639097744,60.918968850698185,bcbdeab0e_1,utterance_11.mp4,0.129336267289,-0.0524631766607,5
https://www.youtube.com/watch?v=OcEXF9GMEqs,61.886466165413545,63.75473684210527,bcbdeab0e_1,utterance_12.mp4,0.08518366959180003,-0.0236895058908,5
https://www.youtube.com/watch?v=OcEXF9GMEqs,76.83263157894737,83.60511278195489,bcbdeab0e_1,utterance_15.mp4,0.201397677123,0.274222409806,5
https://www.youtube.com/watch?v=OcEXF9GMEqs,84.07218045112782,86.44088077336198,bcbdeab0e_1,utterance_16.mp4,0.0345554763389,0.0457340281288,5
https://www.youtube.com/watch?v=p4MgqxPvHkg,0.0,8.365661929693342,c96848202_1,utterance_1.mp4,0.186595602842,0.243738703426,4
https://www.youtube.com/watch?v=p4MgqxPvHkg,8.76089005235602,15.150411368735975,c96848202_1,utterance_2.mp4,0.323659483553,0.157167252517,1
https://www.youtube.com/watch?v=p4MgqxPvHkg,15.216282722513087,25.82157068062827,c96848202_1,utterance_3.mp4,0.308456754308,0.196346472105,1
https://www.youtube.com/watch?v=p4MgqxPvHkg,25.360471204188478,31.091278982797302,c96848202_1,utterance_4.mp4,0.26137624491300004,0.271521509862,1
https://www.youtube.com/watch?v=p4MgqxPvHkg,31.354764397905758,40.708496634255795,c96848202_1,utterance_5.mp4,0.277012108936,0.17013147806499998,1
https://www.youtube.com/watch?v=p4MgqxPvHkg,41.498952879581154,51.97249813014211,c96848202_1,utterance_6.mp4,0.270567255453,0.621632191734,1
https://www.youtube.com/watch?v=p4MgqxPvHkg,51.182041884816755,58.29614809274495,c96848202_1,utterance_7.mp4,0.20589927561700005,0.0874852949946,3
https://www.youtube.com/watch?v=p4MgqxPvHkg,59.0207329842932,62.24842931937172,c96848202_1,utterance_8.mp4,0.6222028419510001,0.5669139613499999,1
https://www.youtube.com/watch?v=p4MgqxPvHkg,63.1706282722513,68.44033657442034,c96848202_1,utterance_9.mp4,0.5993339576860001,0.537293457407,1
https://www.youtube.com/watch?v=p4MgqxPvHkg,68.24272251308899,75.09334330590875,c96848202_1,utterance_10.mp4,0.6837536052850001,0.63383229582,1
https://www.youtube.com/watch?v=p4MgqxPvHkg,75.15921465968586,85.76450261780104,c96848202_1,utterance_11.mp4,0.681142008063,0.658399616988,1
https://www.youtube.com/watch?v=Gw79oIuAuMU,836.4787574823144,846.9784908398331,71091df7b_10,utterance_112.mp4,0.462583227824,0.695656432904,4
https://www.youtube.com/watch?v=Gw79oIuAuMU,846.5118360239434,857.2115643025576,71091df7b_10,utterance_113.mp4,0.5245284102459999,0.585335789901,4
https://www.youtube.com/watch?v=Gw79oIuAuMU,856.7782419735171,862.178104843098,71091df7b_10,utterance_114.mp4,0.535281038574,0.454893020899,4
https://www.youtube.com/watch?v=TIs4tX3SlLY,39.89413924794359,50.32594007050529,d2ed51271_2,utterance_5.mp4,0.311308415491,0.314895969147,3
https://www.youtube.com/watch?v=TIs4tX3SlLY,49.92599882491187,57.15826968272621,d2ed51271_2,utterance_6.mp4,0.183385930569,0.154960130734,4
https://www.youtube.com/watch?v=TIs4tX3SlLY,88.8869418331375,99.4853848413631,d2ed51271_2,utterance_10.mp4,0.495734113933,0.539803906037,4
https://www.youtube.com/watch?v=TIs4tX3SlLY,99.15210047003525,106.1510722679201,d2ed51271_2,utterance_11.mp4,0.582489623473,0.119102433181,6
https://www.youtube.com/watch?v=TIs4tX3SlLY,105.9177732079906,113.18337250293773,d2ed51271_2,utterance_12.mp4,0.185636394543,0.0705071136921,3
https://www.youtube.com/watch?v=mZUIg1cEo8M,209.9574846625767,220.36694520837742,0cf41d04d_1,utterance_24.mp4,0.184940207789,0.303598775366,3
https://www.youtube.com/watch?v=mZUIg1cEo8M,219.76639940765813,226.40576687116567,0cf41d04d_1,utterance_25.mp4,0.579020055638,0.513949078623,3
https://www.youtube.com/watch?v=mZUIg1cEo8M,244.05514068119317,253.99751004865664,0cf41d04d_1,utterance_28.mp4,0.7409643837459999,0.564313443763,3
https://www.youtube.com/watch?v=mZUIg1cEo8M,263.90651576052466,265.6414258514914,0cf41d04d_1,utterance_30.mp4,0.213124566478,0.138699964051,4
https://www.youtube.com/watch?v=PNbenf7oyvU,167.51720885466796,178.0495283926853,0e02ee3c5_3,utterance_19.mp4,0.704201401038,0.6078979187610001,3
https://www.youtube.com/watch?v=PNbenf7oyvU,177.54957651588066,188.1485563041386,0e02ee3c5_3,utterance_20.mp4,0.16030046896199998,0.649773461483,3
https://www.youtube.com/watch?v=PNbenf7oyvU,187.81525505293553,198.0476034648701,0e02ee3c5_3,utterance_21.mp4,0.901756359639,0.69897383989,3
https://www.youtube.com/watch?v=PNbenf7oyvU,197.6143118383061,208.37994225216556,0e02ee3c5_3,utterance_22.mp4,0.16441073739700002,0.7110846046789999,3
https://www.youtube.com/watch?v=PNbenf7oyvU,211.14634263715112,218.04567853705487,0e02ee3c5_3,utterance_24.mp4,0.15060023545499998,0.762769119708,3
https://www.youtube.com/watch?v=Mlx0nQ6Pjz0,0.0,7.83602058319,1e0c8219d_1,utterance_1.mp4,0.595157126946,0.632727721366,4
https://www.youtube.com/watch?v=Mlx0nQ6Pjz0,7.93605488851,15.2719039451,1e0c8219d_1,utterance_2.mp4,0.34335955494000003,0.280246562679,4
https://www.youtube.com/watch?v=Mlx0nQ6Pjz0,15.4052830189,19.0732075472,1e0c8219d_1,utterance_3.mp4,0.576950384673,0.422515712356,3
https://www.youtube.com/watch?v=5r98OijJSGE,159.75503166869672,169.6646482947625,2debca276_2,utterance_17.mp4,0.654242862836,0.7051734204600001,3
https://www.youtube.com/watch?v=5r98OijJSGE,169.33099116930572,179.64099634591963,2debca276_2,utterance_18.mp4,0.652258514996,0.673515729606,4
https://www.youtube.com/watch?v=5r98OijJSGE,179.14051065773447,189.61734439707672,2debca276_2,utterance_19.mp4,0.726613003332,0.665691415952,4
https://www.youtube.com/watch?v=5r98OijJSGE,199.46022959805117,210.17062332521317,2debca276_2,utterance_21.mp4,0.717671999933,0.50226553221,4
https://www.youtube.com/watch?v=5r98OijJSGE,209.50330907429964,220.0135085261876,2debca276_2,utterance_22.mp4,0.7020373243800001,0.635661959431,3
https://www.youtube.com/watch?v=5r98OijJSGE,219.54638855054813,229.98985657734468,2debca276_2,utterance_23.mp4,0.651444789256,0.427655161773,4
https://www.youtube.com/watch?v=5r98OijJSGE,229.5894680267966,239.4657189403167,2debca276_2,utterance_24.mp4,0.636236842775,0.410058386652,3
https://www.youtube.com/watch?v=5r98OijJSGE,248.50782704019488,259.28495219244826,2debca276_2,utterance_26.mp4,0.695051772527,0.355788059475,4
https://www.youtube.com/watch?v=O1qw9LRuSho,239.40271228570384,249.84634280074567,3ecbd1402_3,utterance_32.mp4,0.785900263087,0.376135368326,3
https://www.youtube.com/watch?v=O1qw9LRuSho,249.4459480206163,255.5186021859122,3ecbd1402_3,utterance_33.mp4,0.8780487925589999,0.210159431478,0
https://www.youtube.com/watch?v=O1qw9LRuSho,255.5186021859122,266.02896516430894,3ecbd1402_3,utterance_34.mp4,0.833493225774,0.322507407124,0
https://www.youtube.com/watch?v=O1qw9LRuSho,448.6757173666703,450.64432503563984,3ecbd1402_5,utterance_59.mp4,0.481978503013,0.7745707386380001,3
https://www.youtube.com/watch?v=O1qw9LRuSho,460.12033483203567,464.65814234016887,3ecbd1402_5,utterance_61.mp4,0.445703959631,0.608739325006,1
https://www.youtube.com/watch?v=O1qw9LRuSho,464.79160726687866,466.3598201557188,3ecbd1402_5,utterance_62.mp4,0.457998406219,0.650553118203,4
https://www.youtube.com/watch?v=O1qw9LRuSho,466.4265526190737,468.32842782468833,3ecbd1402_5,utterance_63.mp4,0.472241153215,0.72454198251,3
https://www.youtube.com/watch?v=O1qw9LRuSho,468.52862521475305,475.2352377819205,3ecbd1402_5,utterance_64.mp4,0.459534095703,0.839168979382,3
https://www.youtube.com/watch?v=O1qw9LRuSho,475.3019702452754,485.9791643820594,3ecbd1402_5,utterance_65.mp4,0.559025387561,0.697110837094,3
https://www.youtube.com/watch?v=O1qw9LRuSho,485.57876960193,492.8192418759367,3ecbd1402_5,utterance_66.mp4,0.473037380721,0.7666509963150001,3
https://www.youtube.com/watch?v=AULvQ0ruc04,0.0,10.329851752021563,4ae5ecb00_1,utterance_1.mp4,0.612503362976,0.046992647537000005,6
https://www.youtube.com/watch?v=AULvQ0ruc04,9.796698113207547,14.994946091644206,4ae5ecb00_1,utterance_2.mp4,0.627564334969,0.294307792058,3
https://www.youtube.com/watch?v=AULvQ0ruc04,15.394811320754716,19.7266846361186,4ae5ecb00_1,utterance_3.mp4,0.587324229866,0.363587580129,3
https://www.youtube.com/watch?v=AULvQ0ruc04,19.593396226415095,23.1921832884097,4ae5ecb00_1,utterance_4.mp4,0.562516562217,0.302675052195,1
https://www.youtube.com/watch?v=AULvQ0ruc04,23.32547169811321,33.58867924528302,4ae5ecb00_1,utterance_5.mp4,0.601557213727,0.122763136967,4
https://www.youtube.com/watch?v=AULvQ0ruc04,33.12216981132075,43.51866576819407,4ae5ecb00_1,utterance_6.mp4,0.5570697332810001,0.190339472276,3
https://www.youtube.com/watch?v=AULvQ0ruc04,43.385377358490565,52.18241239892183,4ae5ecb00_1,utterance_7.mp4,0.586129485816,0.0916707632585,4
https://www.youtube.com/watch?v=AULvQ0ruc04,52.24905660377358,54.4483153638814,4ae5ecb00_1,utterance_8.mp4,0.687700816865,0.306480898075,3
https://www.youtube.com/watch?v=AULvQ0ruc04,64.84481132075472,72.97540431266846,4ae5ecb00_1,utterance_10.mp4,0.626063257677,0.236464751613,4
https://www.youtube.com/watch?v=AULvQ0ruc04,73.24198113207547,83.43854447439352,4ae5ecb00_1,utterance_11.mp4,0.684733295174,0.27955344909,4
https://www.youtube.com/watch?v=AULvQ0ruc04,86.77075471698113,95.23456873315364,4ae5ecb00_2,utterance_13.mp4,0.653,0.206025123891,1
https://www.youtube.com/watch?v=AULvQ0ruc04,95.63443396226415,106.16421832884096,4ae5ecb00_2,utterance_14.mp4,0.345,0.0924902563124,0
https://www.youtube.com/watch?v=AULvQ0ruc04,105.89764150943395,111.82897574123989,4ae5ecb00_2,utterance_15.mp4,0.616,0.216002979346,0
https://www.youtube.com/watch?v=AULvQ0ruc04,112.42877358490566,123.09184636118599,4ae5ecb00_2,utterance_16.mp4,0.231,0.221201134945,1
https://www.youtube.com/watch?v=8eQDRid7AqU,0.466624503071919,11.032336465486086,7b3904aa4_1,utterance_1.mp4,0.296125202446,0.380388271109,3
https://www.youtube.com/watch?v=8eQDRid7AqU,10.499051319118179,21.098093603180338,7b3904aa4_1,utterance_2.mp4,0.277495320839,0.430159676006,3
https://www.youtube.com/watch?v=8eQDRid7AqU,20.764790386700398,27.564176002891216,7b3904aa4_1,utterance_3.mp4,0.929441492007,0.7551118524699999,3
https://www.youtube.com/watch?v=8eQDRid7AqU,27.764157932779177,38.26320925189736,7b3904aa4_1,utterance_4.mp4,0.6845569464839999,0.746715091692,3
https://www.youtube.com/watch?v=8eQDRid7AqU,37.79658474882544,48.395627032887596,7b3904aa4_1,utterance_5.mp4,0.8647839985160001,0.751727956884,3
https://www.youtube.com/watch?v=8eQDRid7AqU,47.8290115648717,54.26176364293458,7b3904aa4_1,utterance_6.mp4,0.661152191538,0.808880319933,3
https://www.youtube.com/watch?v=8eQDRid7AqU,54.59506685941452,65.22743946512468,7b3904aa4_1,utterance_7.mp4,0.543672171489,0.640043009709,3
https://www.youtube.com/watch?v=8eQDRid7AqU,64.62749367546078,74.72658113480303,7b3904aa4_1,utterance_8.mp4,0.898322601919,0.772277958918,3
https://www.youtube.com/watch?v=8eQDRid7AqU,74.19329598843512,83.95908023129743,7b3904aa4_1,utterance_9.mp4,0.575929828191,0.7597990111949999,3
https://www.youtube.com/watch?v=8eQDRid7AqU,83.75909830140947,92.42498192988796,7b3904aa4_1,utterance_10.mp4,0.6425066220960001,0.7055133581440001,3
https://www.youtube.com/watch?v=8eQDRid7AqU,93.55821286591976,103.99060354174196,7b3904aa4_1,utterance_11.mp4,0.6747742813750001,0.787523463082,3
https://www.youtube.com/watch?v=8eQDRid7AqU,105.45713769425369,115.48956451029997,7b3904aa4_1,utterance_13.mp4,0.869476570813,0.729318122448,3
https://www.youtube.com/watch?v=8eQDRid7AqU,115.256252258764,124.25543910372244,7b3904aa4_1,utterance_14.mp4,0.891773269347,0.746122073246,3
https://www.youtube.com/watch?v=8eQDRid7AqU,124.35543006866642,130.95483375496926,7b3904aa4_1,utterance_15.mp4,0.914130382382,0.7812398697390001,6
https://www.youtube.com/watch?v=Ci35m_3Az_4,352.6701172801844,360.4775730458952,7d0084def_6,utterance_65.mp4,0.661399586134,0.832381741707,3
https://www.youtube.com/watch?v=Ci35m_3Az_4,371.5881831740221,375.99238899057696,7d0084def_6,utterance_67.mp4,0.660742249006,0.8572838111419999,3
https://www.youtube.com/watch?v=Ci35m_3Az_4,376.4928669242763,386.76934716290424,7d0084def_6,utterance_68.mp4,0.82432542551,0.8698765114920001,3
https://www.youtube.com/watch?v=Ci35m_3Az_4,386.30223442478473,396.51198427225273,7d0084def_6,utterance_69.mp4,0.8621643230600001,0.17644131847600006,3
https://www.youtube.com/watch?v=DE2988hSCjQ,96.6,107.13333333333334,8e236ad62_1,utterance_8.mp4,0.44901839854,-0.235993368255,0
https://www.youtube.com/watch?v=DE2988hSCjQ,106.86666666666666,117.39999999999999,8e236ad62_1,utterance_9.mp4,0.589253198702,-0.350698511273,5
https://www.youtube.com/watch?v=DE2988hSCjQ,116.66666666666667,127.39999999999999,8e236ad62_1,utterance_10.mp4,0.634967404356,-0.6715986097329999,5
https://www.youtube.com/watch?v=DE2988hSCjQ,126.93333333333332,137.53333333333333,8e236ad62_1,utterance_11.mp4,0.7440007556620001,-0.617693781465,5
https://www.youtube.com/watch?v=DE2988hSCjQ,137.2,147.8,8e236ad62_1,utterance_12.mp4,0.613669158442,-0.583971576472,5
https://www.youtube.com/watch?v=oIOEUN4yNgw,112.69692748091602,116.29682933478735,22e9f018d_2,utterance_27.mp4,0.7728656919679999,-0.396882737089,0
https://www.youtube.com/watch?v=oIOEUN4yNgw,123.19664122137404,125.39658124318429,22e9f018d_2,utterance_29.mp4,0.306832004739,0.62946599524,3
https://www.youtube.com/watch?v=oIOEUN4yNgw,136.26295165394401,142.5961123227917,22e9f018d_2,utterance_33.mp4,0.7724247287129999,0.768418931178,3
https://www.youtube.com/watch?v=oIOEUN4yNgw,143.49608778625952,145.69602780806977,22e9f018d_2,utterance_34.mp4,0.407303471138,0.406368539744,3
https://www.youtube.com/watch?v=oIOEUN4yNgw,149.79591603053433,155.26243366048706,22e9f018d_2,utterance_37.mp4,0.686164290156,-0.0220241778861,6
https://www.youtube.com/watch?v=oIOEUN4yNgw,166.82878498727734,168.89539531079603,22e9f018d_2,utterance_41.mp4,0.172291237471,0.110985261438,4
https://www.youtube.com/watch?v=oIOEUN4yNgw,169.1620547073791,177.1951690294438,22e9f018d_2,utterance_42.mp4,0.296935295174,0.427846863976,3
https://www.youtube.com/watch?v=oIOEUN4yNgw,187.361558524173,189.99482006543073,22e9f018d_2,utterance_44.mp4,0.61682307745,0.6082526959000001,3
https://www.youtube.com/watch?v=oIOEUN4yNgw,190.16148218829517,198.32792620865138,22e9f018d_2,utterance_45.mp4,0.4761105966,0.707464667593,3
https://www.youtube.com/watch?v=oIOEUN4yNgw,198.79458015267176,201.99449291166846,22e9f018d_2,utterance_46.mp4,0.222240629932,0.551518464224,3
https://www.youtube.com/watch?v=oIOEUN4yNgw,210.69425572519083,212.8608633224282,22e9f018d_2,utterance_48.mp4,0.598917648526,0.594672254203,3
https://www.youtube.com/watch?v=oIOEUN4yNgw,213.26085241730277,215.86078153398762,22e9f018d_2,utterance_49.mp4,0.569402966957,0.212735992539,2
https://www.youtube.com/watch?v=oIOEUN4yNgw,216.0607760814249,217.46073791348599,22e9f018d_2,utterance_50.mp4,0.16538923104800002,-0.07750628374710003,4
https://www.youtube.com/watch?v=oIOEUN4yNgw,217.69406488549618,222.1939422028353,22e9f018d_2,utterance_51.mp4,0.233036589652,0.0813078089732,4
https://www.youtube.com/watch?v=oIOEUN4yNgw,227.26047073791347,229.72707015630678,22e9f018d_2,utterance_53.mp4,0.475648323149,0.0964057362226,4
https://www.youtube.com/watch?v=oIOEUN4yNgw,237.29353053435113,241.39341875681566,22e9f018d_2,utterance_56.mp4,0.5431782851470001,0.104389965908,4
https://www.youtube.com/watch?v=oIOEUN4yNgw,269.72597964376587,271.5925954198473,22e9f018d_2,utterance_62.mp4,0.388586664264,0.08140140429539999,6
https://www.youtube.com/watch?v=oIOEUN4yNgw,271.8259223918575,276.0258078880407,22e9f018d_2,utterance_63.mp4,0.348652680756,0.0277390482792,2
https://www.youtube.com/watch?v=oIOEUN4yNgw,276.0258078880407,286.3588595056343,22e9f018d_2,utterance_64.mp4,0.985331426921,0.8878511296349999,3
https://www.youtube.com/watch?v=j74Tply25yc,386.77754716981127,390.08077156334224,64b27f54f_4,utterance_67.mp4,0.394727545535,-0.225587060437,0
https://www.youtube.com/watch?v=j74Tply25yc,402.19259433962264,412.60275606468997,64b27f54f_4,utterance_69.mp4,0.662068323301,-0.49580937924,0
https://www.youtube.com/watch?v=j74Tply25yc,412.23573113207544,422.74599056603773,64b27f54f_4,utterance_70.mp4,0.30993399304900004,-0.302994750185,0
https://www.youtube.com/watch?v=j74Tply25yc,422.27886792452824,425.6488241239892,64b27f54f_4,utterance_71.mp4,0.883834995795,-0.797484992428,0
https://www.youtube.com/watch?v=j74Tply25yc,425.782287735849,428.38482816711587,64b27f54f_4,utterance_72.mp4,0.280119704338,-0.0518751481816,0
https://www.youtube.com/watch?v=j74Tply25yc,428.5850235849056,439.19538072776277,64b27f54f_4,utterance_73.mp4,0.516045088548,-0.326519441833,0
https://www.youtube.com/watch?v=j74Tply25yc,438.6281603773584,442.1983119946091,64b27f54f_4,utterance_74.mp4,0.155522172558,-0.157984713756,4
https://www.youtube.com/watch?v=w-P-1ecO4PI,253.648708905,260.588847218,78a906313_3,utterance_31.mp4,0.215281071175,-0.12990878128699998,4
https://www.youtube.com/watch?v=w-P-1ecO4PI,260.655579317,264.659505267,78a906313_3,utterance_32.mp4,0.251049562362,0.247679711664,4
https://www.youtube.com/watch?v=w-P-1ecO4PI,265.093263911,267.395521332,78a906313_3,utterance_33.mp4,0.294386284784,-0.0323578347601,4
https://www.youtube.com/watch?v=w-P-1ecO4PI,267.662449729,275.303275082,78a906313_3,utterance_34.mp4,0.316396214379,0.0422303031215,4
https://www.youtube.com/watch?v=w-P-1ecO4PI,275.837131876,278.973540536,78a906313_3,utterance_35.mp4,0.356057214517,0.13759277342700002,4
https://www.youtube.com/watch?v=w-P-1ecO4PI,278.873442387,288.716427014,78a906313_3,utterance_36.mp4,0.331349373351,0.0466998957494,4
https://www.youtube.com/watch?v=w-P-1ecO4PI,288.916623311,292.086398021,78a906313_3,utterance_37.mp4,0.390511585283,0.229581202839,4
https://www.youtube.com/watch?v=w-P-1ecO4PI,292.18649617,294.989244335,78a906313_3,utterance_38.mp4,0.388946938806,0.27230164363000003,4
https://www.youtube.com/watch?v=w-P-1ecO4PI,294.989244335,297.191403607,78a906313_3,utterance_39.mp4,0.4382077787300001,0.198354946996,4
https://www.youtube.com/watch?v=w-P-1ecO4PI,297.558430152,308.06873577,78a906313_3,utterance_40.mp4,0.532079505207,0.422851076915,3
https://www.youtube.com/watch?v=w-P-1ecO4PI,308.302298117,311.305242579,78a906313_3,utterance_41.mp4,0.379857942002,0.11862346369,4
https://www.youtube.com/watch?v=w-P-1ecO4PI,311.572170976,315.075606182,78a906313_3,utterance_42.mp4,0.304608559028,-0.0472926965399,4
https://www.youtube.com/watch?v=w-P-1ecO4PI,859.742999521,863.213068678,78a906313_11,utterance_131.mp4,0.630034919237,0.31099387048300003,4
https://www.youtube.com/watch?v=w-P-1ecO4PI,864.414246462,866.716503883,78a906313_11,utterance_132.mp4,0.388643445712,0.0594332631552,4
https://www.youtube.com/watch?v=w-P-1ecO4PI,866.749869933,871.587947122,78a906313_11,utterance_133.mp4,0.418000707847,0.138823281546,4
https://www.youtube.com/watch?v=w-P-1ecO4PI,874.223865039,884.734170656,78a906313_11,utterance_134.mp4,0.450883310218,0.267232517484,3
https://www.youtube.com/watch?v=w-P-1ecO4PI,884.267045962,887.269990425,78a906313_11,utterance_135.mp4,0.441297405345,0.185640406163,4
https://www.youtube.com/watch?v=w-P-1ecO4PI,887.303356474,897.680197893,78a906313_11,utterance_136.mp4,0.564706975665,0.146263366879,4
https://www.youtube.com/watch?v=w-P-1ecO4PI,898.981473827,909.491779445,78a906313_11,utterance_137.mp4,0.570021658529,0.427914256621,6
https://www.youtube.com/watch?v=w-P-1ecO4PI,923.739082615,934.349486382,78a906313_12,utterance_140.mp4,0.254646788933,0.15099006873,4
https://www.youtube.com/watch?v=w-P-1ecO4PI,942.891195074,950.198359932,78a906313_12,utterance_142.mp4,0.00310478784585,0.0987254270651,4
https://www.youtube.com/watch?v=w-P-1ecO4PI,950.36519018,952.76754575,78a906313_12,utterance_143.mp4,0.0895769638637,0.14834403553300002,4
https://www.youtube.com/watch?v=w-P-1ecO4PI,953.167938345,954.869606873,78a906313_12,utterance_144.mp4,0.147113818775,0.15653916919000002,4
https://www.youtube.com/watch?v=w-P-1ecO4PI,955.269999468,960.608567401,78a906313_12,utterance_145.mp4,0.103153927727,-0.0703197527648,0
https://www.youtube.com/watch?v=si68MocIFGo,0.0,10.299304758690516,254dc802d_1,utterance_1.mp4,0.696053913325,0.727663502202,3
https://www.youtube.com/watch?v=si68MocIFGo,20.065312183597705,30.59793452581843,254dc802d_1,utterance_3.mp4,0.284432258713,0.368472937679,4
https://www.youtube.com/watch?v=si68MocIFGo,30.097968275396557,40.59725953425583,254dc802d_1,utterance_4.mp4,0.635400431234,0.810699253553,3
https://www.youtube.com/watch?v=f7W-4HEGtHk,1869.3979677558038,1871.3999557179707,664ea0ccc_14,utterance_316.mp4,0.734447200024,-1.0,1
https://www.youtube.com/watch?v=f7W-4HEGtHk,1871.441663800516,1875.028558899398,664ea0ccc_14,utterance_317.mp4,0.6914653172570001,0.011,5
https://www.youtube.com/watch?v=f7W-4HEGtHk,1878.7405782459157,1880.6591500429922,664ea0ccc_14,utterance_319.mp4,0.6887665688339999,-1.0,5
https://www.youtube.com/watch?v=f7W-4HEGtHk,1884.5797098022354,1887.6661079105759,664ea0ccc_14,utterance_320.mp4,0.662756772025,-1.0,5
https://www.youtube.com/watch?v=f7W-4HEGtHk,1897.4257992261391,1900.5121973344797,664ea0ccc_14,utterance_322.mp4,0.704179458414,-1.0,5
https://www.youtube.com/watch?v=f7W-4HEGtHk,1902.681017626827,1904.2242166809972,664ea0ccc_14,utterance_323.mp4,0.643635919922,-0.6559999999999999,5
https://www.youtube.com/watch?v=f7W-4HEGtHk,1904.432757093723,1906.184496560619,664ea0ccc_14,utterance_324.mp4,0.604097649269,0.0,4
https://www.youtube.com/watch?v=f7W-4HEGtHk,1906.4764531384349,1907.9779441100602,664ea0ccc_14,utterance_325.mp4,0.667731724142,-0.725,4
https://www.youtube.com/watch?v=f7W-4HEGtHk,2185.0030283748924,2195.763713671539,664ea0ccc_18,utterance_365.mp4,0.434353133096,-0.560853843966,0
https://www.youtube.com/watch?v=f7W-4HEGtHk,2195.221508598452,2203.438000859845,664ea0ccc_18,utterance_366.mp4,0.709754233058,-0.385511542344,0
https://www.youtube.com/watch?v=f7W-4HEGtHk,2203.9802059329318,2213.1142760103185,664ea0ccc_18,utterance_367.mp4,0.374180853072,-0.3767836332240001,0
https://www.youtube.com/watch?v=f7W-4HEGtHk,2213.3228164230436,2223.8749613069645,664ea0ccc_18,utterance_368.mp4,0.6091121076039999,-0.321496772793,0
https://www.youtube.com/watch?v=f7W-4HEGtHk,2223.2493400687877,2227.962353396388,664ea0ccc_18,utterance_369.mp4,0.5840050587960001,0.111884901962,1
https://www.youtube.com/watch?v=f7W-4HEGtHk,2228.2126018916592,2238.5979144454,664ea0ccc_18,utterance_370.mp4,0.484445852569,-0.207779522203,0
https://www.youtube.com/watch?v=f7W-4HEGtHk,2238.4310821152194,2245.4380399828033,664ea0ccc_18,utterance_371.mp4,0.4935729782060001,0.0161925029653,0
https://www.youtube.com/watch?v=f7W-4HEGtHk,2245.729996560619,2256.36555760963,664ea0ccc_18,utterance_372.mp4,0.472569791728,-0.024107666940900004,0
https://www.youtube.com/watch?v=f7W-4HEGtHk,2255.9484767841786,2263.914720550301,664ea0ccc_18,utterance_373.mp4,0.242868797202,-0.14932201113399998,0
https://www.youtube.com/watch?v=f7W-4HEGtHk,2264.123260963027,2274.883946259673,664ea0ccc_18,utterance_374.mp4,0.4919277259000001,-0.5074431952049999,4
https://www.youtube.com/watch?v=f7W-4HEGtHk,2274.341741186586,2281.306990971625,664ea0ccc_18,utterance_375.mp4,0.20232595571,0.323050181109,4
https://www.youtube.com/watch?v=f7W-4HEGtHk,3260.86301763,3270.16392003,664ea0ccc_23,utterance_499.mp4,0.131136865252,0.17498356682799998,5
https://www.youtube.com/watch?v=f7W-4HEGtHk,3269.62171496,3280.13215176,664ea0ccc_23,utterance_500.mp4,0.147703523916,0.0638654871175,3
https://www.youtube.com/watch?v=f7W-4HEGtHk,3280.13215176,3290.68429665,664ea0ccc_23,utterance_501.mp4,0.664980240335,-0.476524511541,0
https://www.youtube.com/watch?v=f7W-4HEGtHk,3290.05867541,3300.73594454,664ea0ccc_23,utterance_502.mp4,0.314013341921,0.0589231575416,3
https://www.youtube.com/watch?v=f7W-4HEGtHk,3300.27715563,3310.70417627,664ea0ccc_23,utterance_503.mp4,0.196342016343,0.244031143317,4
https://www.youtube.com/watch?v=f7W-4HEGtHk,3310.20367928,3320.79753224,664ea0ccc_23,utterance_504.mp4,0.153624776099,0.189571657273,5
https://www.youtube.com/watch?v=f7W-4HEGtHk,3320.4221595,3331.09942863,664ea0ccc_23,utterance_505.mp4,0.317365025114,0.17998861379500006,0
https://www.youtube.com/watch?v=f7W-4HEGtHk,3330.64063972,3340.40033104,664ea0ccc_23,utterance_506.mp4,0.245664914802,-0.185784459206,4
https://www.youtube.com/watch?v=f7W-4HEGtHk,3340.27520679,3350.78564359,664ea0ccc_23,utterance_507.mp4,0.244391411065,0.170826557971,3
https://www.youtube.com/watch?v=f7W-4HEGtHk,3350.49368702,3361.21266423,664ea0ccc_23,utterance_508.mp4,0.359208570835,0.129054931562,0
https://www.youtube.com/watch?v=f7W-4HEGtHk,3360.71216724,3371.34772829,664ea0ccc_23,utterance_509.mp4,0.518524092343,0.229721741814,3
https://www.youtube.com/watch?v=f7W-4HEGtHk,3370.63869089,3381.06571152,664ea0ccc_23,utterance_510.mp4,0.8448961916140001,-0.442980827966,0
https://www.youtube.com/watch?v=f7W-4HEGtHk,3380.56521453,3390.95052709,664ea0ccc_23,utterance_511.mp4,0.187188054766,-0.438471888084,4
https://www.youtube.com/watch?v=f7W-4HEGtHk,3390.49173818,3398.87506277,664ea0ccc_23,utterance_512.mp4,0.239650915853,-0.341800030864,0
https://www.youtube.com/watch?v=f7W-4HEGtHk,3668.14244368,3669.64393465,664ea0ccc_25,utterance_557.mp4,0.216338654923,-0.179493093292,4
https://www.youtube.com/watch?v=f7W-4HEGtHk,3669.89418315,3671.93787919,664ea0ccc_25,utterance_558.mp4,0.314573127083,0.0366511950095,3
https://www.youtube.com/watch?v=f7W-4HEGtHk,3673.1057055,3675.56648237,664ea0ccc_25,utterance_559.mp4,0.0625648838887,0.0374638600873,4
https://www.youtube.com/watch?v=f7W-4HEGtHk,3676.31722786,3678.02725924,664ea0ccc_25,utterance_560.mp4,0.275037910315,0.286421500136,4
https://www.youtube.com/watch?v=f7W-4HEGtHk,3678.3609239,3680.48803611,664ea0ccc_25,utterance_561.mp4,0.705502560518,0.255092741391,0
https://www.youtube.com/watch?v=f7W-4HEGtHk,3680.69657653,3682.86539682,664ea0ccc_25,utterance_562.mp4,0.356809641943,0.470375853926,3
https://www.youtube.com/watch?v=f7W-4HEGtHk,3683.90809888,3689.8306466,664ea0ccc_25,utterance_563.mp4,0.633248080131,0.5635182259120001,3
https://www.youtube.com/watch?v=f7W-4HEGtHk,3690.62310017,3692.16629923,664ea0ccc_25,utterance_564.mp4,0.6556034537950001,-0.0355305720112,1
https://www.youtube.com/watch?v=f7W-4HEGtHk,3692.37483964,3693.4175417,664ea0ccc_25,utterance_565.mp4,0.466383267841,0.440002932101,4
https://www.youtube.com/watch?v=f7W-4HEGtHk,3694.12657911,3700.79987231,664ea0ccc_25,utterance_566.mp4,0.7304329280830001,0.0769059912958,3
https://www.youtube.com/watch?v=f7W-4HEGtHk,3700.8415804,3702.00940671,664ea0ccc_25,utterance_567.mp4,0.5929657709189999,-0.00100275110665,3
https://www.youtube.com/watch?v=f7W-4HEGtHk,3702.59331986,3704.21993508,664ea0ccc_25,utterance_568.mp4,0.7258439301540001,0.0106374255992,3
https://www.youtube.com/watch?v=f7W-4HEGtHk,3704.34505933,3708.01537059,664ea0ccc_25,utterance_569.mp4,0.652106135207,0.0582124549766,4
https://www.youtube.com/watch?v=f7W-4HEGtHk,3708.43245142,3710.47614746,664ea0ccc_25,utterance_570.mp4,0.417288766846,0.287843664023,4
https://www.youtube.com/watch?v=f7W-4HEGtHk,3711.3520172,3712.68667584,664ea0ccc_25,utterance_571.mp4,0.5633695730730001,0.496077960909,4
https://www.youtube.com/watch?v=f7W-4HEGtHk,3714.27158298,3716.06503052,664ea0ccc_25,utterance_572.mp4,0.339660999869,0.280559781528,4
https://www.youtube.com/watch?v=f7W-4HEGtHk,3716.31527902,3717.73335383,664ea0ccc_25,utterance_573.mp4,0.400208742886,0.511490991404,4
https://www.youtube.com/watch?v=f7W-4HEGtHk,3722.73832373,3724.19810662,664ea0ccc_25,utterance_575.mp4,0.573491410862,0.250386467945,3
https://www.youtube.com/watch?v=f7W-4HEGtHk,3724.19810662,3727.53475322,664ea0ccc_25,utterance_576.mp4,0.582212119302,-0.12321022145,1
https://www.youtube.com/watch?v=f7W-4HEGtHk,3727.99354213,3731.6638534,664ea0ccc_25,utterance_577.mp4,0.677121769873,-0.141168493108,3
https://www.youtube.com/watch?v=f7W-4HEGtHk,3732.08093422,3735.2507485,664ea0ccc_25,utterance_578.mp4,0.6246264911980001,0.461172171914,3
https://www.youtube.com/watch?v=f7W-4HEGtHk,3735.29245658,3737.41956879,664ea0ccc_25,utterance_579.mp4,0.407870632483,0.18229526281,3
https://www.youtube.com/watch?v=f7W-4HEGtHk,3737.92006578,3745.7611853,664ea0ccc_25,utterance_580.mp4,0.359938885562,0.499880956616,3
https://www.youtube.com/watch?v=f7W-4HEGtHk,3745.80289338,3749.3480804,664ea0ccc_25,utterance_581.mp4,0.475486103359,0.061056913808699986,4
https://www.youtube.com/watch?v=f7W-4HEGtHk,3749.89028547,3753.18522399,664ea0ccc_25,utterance_582.mp4,0.530429919132,0.116335219063,3
https://www.youtube.com/watch?v=f7W-4HEGtHk,4390.4430172,4393.82137188,664ea0ccc_31,utterance_696.mp4,0.432557765808,0.333670904797,0
https://www.youtube.com/watch?v=f7W-4HEGtHk,4394.23845271,4395.65652752,664ea0ccc_31,utterance_697.mp4,0.609240359212,0.437445509862,1
https://www.youtube.com/watch?v=f7W-4HEGtHk,4395.99019218,4400.49466509,664ea0ccc_31,utterance_698.mp4,0.551628627712,0.250834526389,0
https://www.youtube.com/watch?v=f7W-4HEGtHk,4400.66149742,4405.04084609,664ea0ccc_31,utterance_699.mp4,0.717708026642,0.435471172989,1
https://www.youtube.com/watch?v=f7W-4HEGtHk,4406.2086724,4414.21662425,664ea0ccc_31,utterance_700.mp4,0.727802289948,0.458905047589,3
https://www.youtube.com/watch?v=f7W-4HEGtHk,4417.59497893,4420.26429622,664ea0ccc_31,utterance_702.mp4,0.6902373420300001,0.467186930732,1
https://www.youtube.com/watch?v=f7W-4HEGtHk,4421.09845787,4428.73103697,664ea0ccc_31,utterance_703.mp4,0.7478939931020001,0.258636973389,1
https://www.youtube.com/watch?v=f7W-4HEGtHk,4428.68932889,4431.48377042,664ea0ccc_31,utterance_704.mp4,0.665604934497,0.378663424581,1
https://www.youtube.com/watch?v=f7W-4HEGtHk,4431.60889467,4433.31892605,664ea0ccc_31,utterance_705.mp4,0.634681929488,0.50626350175,1
https://www.youtube.com/watch?v=f7W-4HEGtHk,4433.36063414,4437.86510705,664ea0ccc_31,utterance_706.mp4,0.7694056512109999,0.326457514697,1
https://www.youtube.com/watch?v=f7W-4HEGtHk,4438.90780911,4449.33482975,664ea0ccc_31,utterance_707.mp4,0.700513395245,0.291721060189,1
https://www.youtube.com/watch?v=f7W-4HEGtHk,4449.71020249,4460.22063929,664ea0ccc_31,utterance_708.mp4,0.7182120622370001,0.331459647653,1
https://www.youtube.com/watch?v=f7W-4HEGtHk,4460.22063929,4465.39244153,664ea0ccc_31,utterance_709.mp4,0.702326054911,0.347121477882,0
https://www.youtube.com/watch?v=f7W-4HEGtHk,4465.4758577,4467.22759716,664ea0ccc_31,utterance_710.mp4,0.7522048175480001,0.290903088663,0
https://www.youtube.com/watch?v=f7W-4HEGtHk,4467.81151032,4473.19185297,664ea0ccc_31,utterance_711.mp4,0.778167698662,0.293580273396,0
https://www.youtube.com/watch?v=f7W-4HEGtHk,4473.3586853,4483.70228977,664ea0ccc_31,utterance_712.mp4,0.740454777501,0.27495233900800004,1
https://www.youtube.com/watch?v=f7W-4HEGtHk,4484.74499183,4485.99623431,664ea0ccc_31,utterance_713.mp4,0.758724882765,0.265620757501,3
https://www.youtube.com/watch?v=f7W-4HEGtHk,4486.20477472,4489.62483749,664ea0ccc_31,utterance_714.mp4,0.703499201895,0.248849893078,1
https://www.youtube.com/watch?v=f7W-4HEGtHk,4490.58412339,4492.29415477,664ea0ccc_31,utterance_715.mp4,0.317744955428,0.307772246989,1
https://www.youtube.com/watch?v=f7W-4HEGtHk,4492.33586285,4495.17201247,664ea0ccc_31,utterance_716.mp4,0.6096809202610001,0.191874558464,0
https://www.youtube.com/watch?v=f7W-4HEGtHk,4497.59108126,4506.39148667,664ea0ccc_31,utterance_718.mp4,0.428262539725,0.447254360889,4
https://www.youtube.com/watch?v=f7W-4HEGtHk,4506.64173517,4514.31602236,664ea0ccc_31,utterance_719.mp4,0.748779784919,0.368747927844,0
https://www.youtube.com/watch?v=f7W-4HEGtHk,4514.52456277,4525.28524807,664ea0ccc_31,utterance_720.mp4,0.454002182017,0.300719724384,4
https://www.youtube.com/watch?v=f7W-4HEGtHk,4543.13630739,4547.8910288,664ea0ccc_32,utterance_723.mp4,0.462749337024,-0.7751903808480001,5
https://www.youtube.com/watch?v=f7W-4HEGtHk,4548.09956922,4558.10950903,664ea0ccc_32,utterance_724.mp4,0.270288159101,-0.241252201857,5
https://www.youtube.com/watch?v=f7W-4HEGtHk,4558.31804944,4561.32103138,664ea0ccc_32,utterance_725.mp4,0.375870050344,-0.138066995591,5
https://www.youtube.com/watch?v=f7W-4HEGtHk,4561.23761522,4565.53354772,664ea0ccc_32,utterance_726.mp4,0.387150424338,-0.0129081281027,4
https://www.youtube.com/watch?v=f7W-4HEGtHk,4568.53652966,4570.70534996,664ea0ccc_32,utterance_728.mp4,0.807664900433,0.0463099902521,0
https://www.youtube.com/watch?v=f7W-4HEGtHk,4679.18807266,4689.65680138,664ea0ccc_34,utterance_742.mp4,0.507683497463,-0.102355877368,1
https://www.youtube.com/watch?v=f7W-4HEGtHk,4689.1145963,4692.03416208,664ea0ccc_34,utterance_743.mp4,0.391239822104,-0.0101585121309,4
https://www.youtube.com/watch?v=f7W-4HEGtHk,4692.03416208,4702.75313929,664ea0ccc_34,utterance_744.mp4,0.543266835864,-0.251896451488,4
https://www.youtube.com/watch?v=f7W-4HEGtHk,4707.50786071,4718.268546,664ea0ccc_34,utterance_746.mp4,0.627731774,0.530476808349,0
https://www.youtube.com/watch?v=f7W-4HEGtHk,4717.72634093,4728.3201939,664ea0ccc_34,utterance_747.mp4,0.666345709053,0.377582897031,0
https://www.youtube.com/watch?v=f7W-4HEGtHk,4738.16330138,4748.75715434,664ea0ccc_34,utterance_749.mp4,0.68382611712,0.0645685256059,0
https://www.youtube.com/watch?v=f7W-4HEGtHk,4748.3817816,4756.22290112,664ea0ccc_34,utterance_750.mp4,0.441195033997,0.0544773457438,5
https://www.youtube.com/watch?v=F_9iN6eRPpA,0.467114673243,5.53864541131,47628d7dd_1,utterance_1.mp4,0.391492654746,0.370567263685,4
https://www.youtube.com/watch?v=F_9iN6eRPpA,16.3490135635,19.3852589396,47628d7dd_1,utterance_3.mp4,0.403128648078,0.294532756436,4
https://www.youtube.com/watch?v=F_9iN6eRPpA,19.6188162762,20.6865069579,47628d7dd_1,utterance_4.mp4,0.272659677383,-0.10195967162999997,4
https://www.youtube.com/watch?v=F_9iN6eRPpA,21.2537176326,31.7637977805,47628d7dd_1,utterance_5.mp4,0.365157967225,0.228873582125,4
https://www.youtube.com/watch?v=F_9iN6eRPpA,31.7637977805,33.5655258059,47628d7dd_1,utterance_6.mp4,0.376044621206,0.24654717145,4
https://www.youtube.com/watch?v=F_9iN6eRPpA,44.1423366215,45.743872644,47628d7dd_1,utterance_8.mp4,0.306434335412,0.226293140724,4
https://www.youtube.com/watch?v=F_9iN6eRPpA,46.0107953144,52.4169394046,47628d7dd_1,utterance_9.mp4,0.29703613341400004,0.225702473454,4
https://www.youtube.com/watch?v=WBTNlgEDKUs,304.7296645878982,307.9962919265127,119334435_3,utterance_35.mp4,0.653577937247,0.41919454202,3
https://www.youtube.com/watch?v=WBTNlgEDKUs,318.96282656329004,321.462796465291,119334435_3,utterance_37.mp4,0.554871579152,0.212744453528,3
https://www.youtube.com/watch?v=WBTNlgEDKUs,321.7627928535311,323.5961041149984,119334435_3,utterance_38.mp4,0.593413791192,0.283332252638,3
https://www.youtube.com/watch?v=WBTNlgEDKUs,323.86276757121186,325.8294105607859,119334435_3,utterance_39.mp4,0.5765389711810001,0.36077783792,3
https://www.youtube.com/watch?v=WBTNlgEDKUs,330.3960222484409,332.5959957622017,119334435_3,utterance_40.mp4,0.37934747757,-0.205286679259,5
https://www.youtube.com/watch?v=WBTNlgEDKUs,335.99595482892295,337.7959331583636,119334435_3,utterance_41.mp4,0.43655903577,-0.242208982611,5
https://www.youtube.com/watch?v=WBTNlgEDKUs,340.8958958368448,344.46251956369935,119334435_3,utterance_43.mp4,0.50806388647,-0.386573028358,0
https://www.youtube.com/watch?v=WBTNlgEDKUs,345.0958452722063,347.095821193807,119334435_3,utterance_44.mp4,0.492120923838,-0.157767570378,2
https://www.youtube.com/watch?v=WBTNlgEDKUs,349.06246418338105,351.1624389010618,119334435_3,utterance_45.mp4,0.359154859203,-0.29001861364,1
https://www.youtube.com/watch?v=WBTNlgEDKUs,353.4957441429293,356.19571163709037,119334435_3,utterance_46.mp4,0.371873850023,-0.152508181018,3
https://www.youtube.com/watch?v=WBTNlgEDKUs,356.29571043317037,358.79568033517126,119334435_3,utterance_47.mp4,0.513081250683,-0.416744453528,0
https://www.youtube.com/watch?v=WBTNlgEDKUs,362.12897353783916,365.0289386241603,119334435_3,utterance_49.mp4,0.32727064136100004,-0.478127443075,5
https://www.youtube.com/watch?v=WBTNlgEDKUs,366.3289229732007,368.19556716669473,119334435_3,utterance_50.mp4,0.458209196194,-0.30130111985,3
https://www.youtube.com/watch?v=WBTNlgEDKUs,370.2955418843755,372.2955178059762,119334435_3,utterance_51.mp4,0.322115816958,-0.287470293416,4
https://www.youtube.com/watch?v=WBTNlgEDKUs,372.86217765042977,374.16216199947024,119334435_3,utterance_52.mp4,0.339468066687,-0.258686030842,3
https://www.youtube.com/watch?v=WBTNlgEDKUs,381.0287459969661,383.5620488309937,119334435_3,utterance_55.mp4,0.383016599986,-0.152219580314,4
https://www.youtube.com/watch?v=WBTNlgEDKUs,383.5953817630204,387.7286653343286,119334435_3,utterance_56.mp4,0.303412279207,-0.251014770752,5
https://www.youtube.com/watch?v=WBTNlgEDKUs,388.2619922467554,390.5952974886229,119334435_3,utterance_57.mp4,0.338967722398,-0.207941577314,5
https://www.youtube.com/watch?v=WXhsLbFSZo4,0.291391076115,10.6149606299,a251c98f3_1,utterance_1.mp4,0.760545462608,0.315770413023,3
https://www.youtube.com/watch?v=WXhsLbFSZo4,9.90729658793,11.9470341207,a251c98f3_1,utterance_2.mp4,0.750586039525,-0.0331440921892,3
https://www.youtube.com/watch?v=WXhsLbFSZo4,12.2384251969,13.4872440945,a251c98f3_1,utterance_3.mp4,0.615010791305,0.17203362136300002,3
https://www.youtube.com/watch?v=WXhsLbFSZo4,12.8212073491,14.3197900262,a251c98f3_1,utterance_4.mp4,0.7420162493189999,0.0168350944453,3
https://www.youtube.com/watch?v=0_mOVTA8V9E,1321.956838365897,1325.0932326820605,b018c03de_18,utterance_143.mp4,0.7220226168870001,0.6463123101380001,4
https://www.youtube.com/watch?v=0_mOVTA8V9E,1325.2266962699823,1329.9646536412079,b018c03de_18,utterance_144.mp4,0.613997196329,0.544139224614,4
https://www.youtube.com/watch?v=0_mOVTA8V9E,1330.13148312611,1340.6751065719359,b018c03de_18,utterance_145.mp4,0.635055719043,0.571877804851,4
https://www.youtube.com/watch?v=ETc4YqqyPyY,533.153889212,535.320503954,b748addbd_5,utterance_96.mp4,0.586992229016,0.06732174659630001,4
https://www.youtube.com/watch?v=ETc4YqqyPyY,535.720494368,537.787111507,b748addbd_5,utterance_97.mp4,0.527966756602,0.158880131571,5
https://www.youtube.com/watch?v=ETc4YqqyPyY,539.453738231,541.753683111,b748addbd_5,utterance_98.mp4,0.507502210233,0.0136765606841,5
https://www.youtube.com/watch?v=ETc4YqqyPyY,542.48699887,544.386953336,b748addbd_5,utterance_99.mp4,0.5197784146609999,0.0008180938076110001,5
https://www.youtube.com/watch?v=ETc4YqqyPyY,546.453570475,547.75353932,b748addbd_5,utterance_100.mp4,0.496549350415,0.0682019018347,5
https://www.youtube.com/watch?v=ETc4YqqyPyY,553.920058201,556.153338012,b748addbd_5,utterance_101.mp4,0.5703085949,0.19452209418,5
https://www.youtube.com/watch?v=ETc4YqqyPyY,558.119957547,559.719919203,b748addbd_5,utterance_102.mp4,0.474825620644,0.0104225248661,5
https://www.youtube.com/watch?v=ETc4YqqyPyY,560.453234962,562.286524359,b748addbd_5,utterance_103.mp4,0.5213493117360001,0.14220677299,5
https://www.youtube.com/watch?v=ETc4YqqyPyY,566.053100757,567.686394947,b748addbd_5,utterance_105.mp4,0.572664884694,0.120707123919,0
https://www.youtube.com/watch?v=ETc4YqqyPyY,569.553016878,573.019600466,b748addbd_5,utterance_106.mp4,0.541092261285,0.018258118137,4
https://www.youtube.com/watch?v=ETc4YqqyPyY,574.219571707,576.719511794,b748addbd_5,utterance_107.mp4,0.638258570019,0.286257160575,4
https://www.youtube.com/watch?v=ETc4YqqyPyY,578.652798795,581.086073813,b748addbd_5,utterance_108.mp4,0.568178884363,0.0151522397743,4
https://www.youtube.com/watch?v=ETc4YqqyPyY,581.452731692,582.886030675,b748addbd_5,utterance_109.mp4,0.577953662856,0.17871319067400002,5
https://www.youtube.com/watch?v=ETc4YqqyPyY,585.185975555,586.985932418,b748addbd_5,utterance_110.mp4,0.668039011917,0.0713588848398,5
https://www.youtube.com/watch?v=Qc6FlGIzkbk,346.5431282051282,357.09498901098897,bee9cd4cf_2,utterance_37.mp4,0.569424422793,0.376856457866,1
https://www.youtube.com/watch?v=Qc6FlGIzkbk,376.90579487179485,387.4576556776556,bee9cd4cf_2,utterance_40.mp4,0.551926786787,0.0289961329795,4
https://www.youtube.com/watch?v=Qc6FlGIzkbk,386.8320512820513,397.3004981684982,bee9cd4cf_2,utterance_41.mp4,0.530200595021,0.004917634657039999,4
https://www.youtube.com/watch?v=Qc6FlGIzkbk,396.75830769230765,406.1840805860806,bee9cd4cf_2,utterance_42.mp4,0.5703487761689999,0.0494789297936,4
https://www.youtube.com/watch?v=Qc6FlGIzkbk,405.80871794871797,416.36057875457874,bee9cd4cf_2,utterance_43.mp4,0.5984227290959999,0.0646286314919,4
https://www.youtube.com/watch?v=ohay-o1QYk0,77.7676913503,88.1433893383,cc73c27b5_2,utterance_15.mp4,0.724143674455,0.488938305732,3
https://www.youtube.com/watch?v=ohay-o1QYk0,87.8097656088,90.6122049367,cc73c27b5_2,utterance_16.mp4,0.768462328804,0.455774501044,3
https://www.youtube.com/watch?v=ohay-o1QYk0,91.0792781581,101.655150384,cc73c27b5_2,utterance_17.mp4,0.786479331446,0.588869823646,3
https://www.youtube.com/watch?v=oUV3mAPoQvo,222.5882296245645,228.36064211520304,d4c1c74d6_2,utterance_24.mp4,0.7813738081039999,0.7275800967280001,4
https://www.youtube.com/watch?v=oUV3mAPoQvo,228.66094103090097,235.90148155384065,d4c1c74d6_2,utterance_25.mp4,0.467747251084,0.593775131415,1
https://www.youtube.com/watch?v=oUV3mAPoQvo,235.90148155384065,246.34521051089186,d4c1c74d6_2,utterance_26.mp4,0.542349436024,0.6803922723989999,3
https://www.youtube.com/watch?v=oUV3mAPoQvo,245.94481195662792,256.38854091367915,d4c1c74d6_2,utterance_27.mp4,0.7779011144689999,0.703219935169,1
https://www.youtube.com/watch?v=oUV3mAPoQvo,256.45527400605647,266.76553677835307,d4c1c74d6_2,utterance_28.mp4,0.507176898026,0.7225006265,3
https://www.youtube.com/watch?v=oUV3mAPoQvo,266.26503858552314,276.80886718114033,d4c1c74d6_2,utterance_29.mp4,0.256193186927,0.723048466731,4
https://www.youtube.com/watch?v=oUV3mAPoQvo,276.3083689883104,286.7520979453616,d4c1c74d6_2,utterance_30.mp4,0.712132512227,0.730571818153,4
https://www.youtube.com/watch?v=oUV3mAPoQvo,286.35169939109767,295.9612646934323,d4c1c74d6_2,utterance_31.mp4,0.533881709502,0.762281789183,4
https://www.youtube.com/watch?v=oUV3mAPoQvo,296.16146397056434,307.0389580280681,d4c1c74d6_2,utterance_32.mp4,0.754168512596,0.825230398125,1
https://www.youtube.com/watch?v=oUV3mAPoQvo,306.4383601966722,316.8820891537234,d4c1c74d6_2,utterance_33.mp4,0.554370089203,0.69306027857,1
https://www.youtube.com/watch?v=oUV3mAPoQvo,316.4816905994595,326.992152648888,d4c1c74d6_2,utterance_34.mp4,0.772274355844,0.774310289183,4
https://www.youtube.com/watch?v=oUV3mAPoQvo,326.992152648888,337.7695470678259,d4c1c74d6_2,utterance_35.mp4,0.8212964429620001,0.677158320868,1
https://www.youtube.com/watch?v=oUV3mAPoQvo,337.2690488749959,347.77951092442447,d4c1c74d6_2,utterance_36.mp4,0.441398313101,0.639735196123,4
https://www.youtube.com/watch?v=oUV3mAPoQvo,347.07881345446253,357.58927550389114,d4c1c74d6_2,utterance_37.mp4,0.810563127233,0.6512333465910001,4
https://www.youtube.com/watch?v=oUV3mAPoQvo,357.12214385724985,367.5325062681124,d4c1c74d6_2,utterance_38.mp4,0.4218298698170001,0.7905891244050001,3
https://www.youtube.com/watch?v=oUV3mAPoQvo,367.1654742600372,377.37563739376776,d4c1c74d6_2,utterance_39.mp4,0.400388499752,0.687340562224,3
https://www.youtube.com/watch?v=oUV3mAPoQvo,769.1322561948488,779.2756862362021,d4c1c74d6_7,utterance_80.mp4,0.667945363736,0.446182317551,4
https://www.youtube.com/watch?v=oUV3mAPoQvo,778.9420207743154,789.6193155546873,d4c1c74d6_7,utterance_81.mp4,0.590561797111,0.502398247098,3
https://www.youtube.com/watch?v=oUV3mAPoQvo,789.2189170004233,797.3269877242682,d4c1c74d6_7,utterance_82.mp4,0.478266088777,0.431211812298,3
https://www.youtube.com/watch?v=oUV3mAPoQvo,797.6272866399662,803.566531861548,d4c1c74d6_7,utterance_83.mp4,0.4738405005120001,0.4621613403580001,3
https://www.youtube.com/watch?v=oUV3mAPoQvo,813.7433284490899,823.5197264823679,d4c1c74d6_7,utterance_85.mp4,0.467792351983,0.448342527093,4
https://www.youtube.com/watch?v=oUV3mAPoQvo,822.8523955585947,833.3628576080233,d4c1c74d6_7,utterance_86.mp4,0.517209565479,0.365497333122,3
https://www.youtube.com/watch?v=oUV3mAPoQvo,833.1292917847026,843.4061880108105,d4c1c74d6_7,utterance_87.mp4,0.400097914131,0.467713667026,3
https://www.youtube.com/watch?v=oUV3mAPoQvo,842.9390563641691,853.3494187750317,d4c1c74d6_7,utterance_88.mp4,0.489446942322,0.5125914727090001,3
https://www.youtube.com/watch?v=oUV3mAPoQvo,852.9823867669566,863.5929484549509,d4c1c74d6_7,utterance_89.mp4,0.463108084037,0.446359432636,4
https://www.youtube.com/watch?v=oUV3mAPoQvo,863.0257171697438,873.569545765361,d4c1c74d6_7,utterance_90.mp4,0.62222449324,0.495805676856,3
https://www.youtube.com/watch?v=oUV3mAPoQvo,873.3026133958517,883.8130754452802,d4c1c74d6_7,utterance_91.mp4,0.529033497567,0.464085680159,3
https://www.youtube.com/watch?v=xO4cohhEprc,0.23331654676258995,10.632568345323742,d49e974a8_1,utterance_1.mp4,0.7721265884720001,0.509932436839,3
https://www.youtube.com/watch?v=xO4cohhEprc,19.831906474820144,30.1311654676259,d49e974a8_1,utterance_3.mp4,0.7059952636750001,0.395958623724,3
https://www.youtube.com/watch?v=xO4cohhEprc,30.0978345323741,41.09704316546763,d49e974a8_1,utterance_4.mp4,0.632188023083,0.17693171162500002,3
https://www.youtube.com/watch?v=xO4cohhEprc,50.39637410071943,57.8958345323741,d49e974a8_1,utterance_6.mp4,0.7819889735340001,0.384530245968,4
https://www.youtube.com/watch?v=xO4cohhEprc,58.09582014388489,68.56173381294964,d49e974a8_1,utterance_7.mp4,0.829635917404,0.503579845271,4
https://www.youtube.com/watch?v=xO4cohhEprc,68.82838129496403,74.3279856115108,d49e974a8_1,utterance_8.mp4,0.83138994404,0.574087501384,3
https://www.youtube.com/watch?v=xO4cohhEprc,76.76114388489209,80.39421582733813,d49e974a8_1,utterance_10.mp4,0.773715444457,0.5062849644699999,5
https://www.youtube.com/watch?v=xO4cohhEprc,80.26089208633094,84.79389928057554,d49e974a8_1,utterance_11.mp4,0.7963940552069999,0.5226297380120001,3
https://www.youtube.com/watch?v=xO4cohhEprc,85.39385611510791,95.69311510791368,d49e974a8_1,utterance_12.mp4,0.731276315509,0.280480904591,5
https://www.youtube.com/watch?v=xO4cohhEprc,94.9598345323741,105.45907913669066,d49e974a8_1,utterance_13.mp4,0.755263089066,0.241082990255,5
https://www.youtube.com/watch?v=xO4cohhEprc,104.99244604316547,115.65834532374102,d49e974a8_1,utterance_14.mp4,0.695984186816,0.135946478233,5
https://www.youtube.com/watch?v=xO4cohhEprc,115.25837410071944,125.95760431654678,d49e974a8_1,utterance_15.mp4,0.7758922546160001,0.36907076596,3
https://www.youtube.com/watch?v=xO4cohhEprc,125.52430215827339,127.92412949640287,d49e974a8_1,utterance_16.mp4,0.7623973101100001,0.524715443291,3
https://www.youtube.com/watch?v=xO4cohhEprc,127.85746762589929,135.85689208633093,d49e974a8_1,utterance_17.mp4,0.7544811696789999,0.25100767836800003,3
https://www.youtube.com/watch?v=HZF8SXDoFGM,0.2335431048322363,3.403056670412586,d81007915_1,utterance_1.mp4,0.597497266992,0.635633572904,3
https://www.youtube.com/watch?v=HZF8SXDoFGM,3.5031465724835447,14.212766094076095,d81007915_1,utterance_2.mp4,0.658731309503,0.807626101022,3
https://www.youtube.com/watch?v=HZF8SXDoFGM,13.545500080269706,24.088303098410663,d81007915_1,utterance_3.mp4,0.6781403697830001,0.836917082522,3
https://www.youtube.com/watch?v=HZF8SXDoFGM,23.8213966928881,34.19738320757746,d81007915_1,utterance_4.mp4,0.830297357411,0.7728185944570001,3
https://www.youtube.com/watch?v=HZF8SXDoFGM,140.8264922138385,151.06902552576656,d81007915_2,utterance_22.mp4,0.752344480632,0.61244000171,3
https://www.youtube.com/watch?v=HZF8SXDoFGM,150.63530261679242,161.44501204045594,d81007915_2,utterance_23.mp4,0.7481833789489999,0.6947280162970001,3
https://www.youtube.com/watch?v=HZF8SXDoFGM,161.14474233424306,171.65418205169368,d81007915_2,utterance_24.mp4,0.864259033102,0.811221468665,3
https://www.youtube.com/watch?v=HDoSPSU_OZU,778.622690741,780.322667505,dce7e5d5f_11,utterance_147.mp4,0.4422774292840001,0.212550199949,3
https://www.youtube.com/watch?v=HDoSPSU_OZU,780.489331894,791.022521254,dce7e5d5f_11,utterance_148.mp4,0.422213308788,0.26411084876400004,3
https://www.youtube.com/watch?v=HDoSPSU_OZU,790.522528088,795.289129603,dce7e5d5f_11,utterance_149.mp4,0.433193217576,0.613265514075,0
https://www.youtube.com/watch?v=HDoSPSU_OZU,795.422461114,797.255769388,dce7e5d5f_11,utterance_150.mp4,0.415791119155,0.555328482259,3
https://www.youtube.com/watch?v=HDoSPSU_OZU,797.755762554,801.755707881,dce7e5d5f_11,utterance_151.mp4,0.424714200927,0.620474871646,0
https://www.youtube.com/watch?v=HDoSPSU_OZU,809.655599902,811.422242421,dce7e5d5f_11,utterance_153.mp4,0.438832731162,0.598602873292,3
https://www.youtube.com/watch?v=HDoSPSU_OZU,811.755571198,813.688878106,dce7e5d5f_11,utterance_154.mp4,0.445169340026,0.675714620848,4
https://www.youtube.com/watch?v=HDoSPSU_OZU,814.088872639,817.555491922,dce7e5d5f_11,utterance_155.mp4,0.8275169839899998,0.6078864822600001,3
https://www.youtube.com/watch?v=HDoSPSU_OZU,820.855446817,823.088749624,dce7e5d5f_11,utterance_156.mp4,0.443340059705,0.6172307642629999,4
https://www.youtube.com/watch?v=DXqURW39_x0,406.9286769459622,417.4285567983523,e3b57cfd8_5,utterance_63.mp4,0.379695197488,0.287560393266,3
https://www.youtube.com/watch?v=DXqURW39_x0,417.1952261349658,424.59514145950743,e3b57cfd8_5,utterance_64.mp4,0.6542844167849999,0.454323120927,3
https://www.youtube.com/watch?v=DXqURW39_x0,424.6618073633321,433.8950350430529,e3b57cfd8_5,utterance_65.mp4,0.367016911488,0.19146416662,2
https://www.youtube.com/watch?v=DXqURW39_x0,434.69502588894926,445.22823869325174,e3b57cfd8_5,utterance_66.mp4,0.347723332554,0.237593443964,4
https://www.youtube.com/watch?v=DXqURW39_x0,465.2613427925737,467.0613221958406,e3b57cfd8_5,utterance_69.mp4,0.21624337555,0.228679549358,4
https://www.youtube.com/watch?v=DXqURW39_x0,467.5946494264382,472.1612638384301,e3b57cfd8_5,utterance_70.mp4,0.26799640853900003,0.15563788552000002,4
https://www.youtube.com/watch?v=DXqURW39_x0,472.26126269416716,482.76114254655727,e3b57cfd8_5,utterance_71.mp4,0.6081821547290001,0.433170462587,3
https://www.youtube.com/watch?v=DXqURW39_x0,482.5278118831707,483.96112881540176,e3b57cfd8_5,utterance_72.mp4,0.550328032684,0.41272979382,3
https://www.youtube.com/watch?v=DXqURW39_x0,483.92779586348945,493.89434848528197,e3b57cfd8_5,utterance_73.mp4,0.744483787043,0.439739351621,3
https://www.youtube.com/watch?v=DXqURW39_x0,666.3923746316905,668.7923471693796,e3b57cfd8_7,utterance_107.mp4,0.8556420316750001,0.911002847569,5
https://www.youtube.com/watch?v=DXqURW39_x0,671.7589798895787,675.8589329747975,e3b57cfd8_7,utterance_109.mp4,0.952110953582,0.84852674853,5
https://www.youtube.com/watch?v=DXqURW39_x0,676.1922624939211,678.758899791172,e3b57cfd8_7,utterance_110.mp4,0.9003021979070001,0.8263074182889999,3
https://www.youtube.com/watch?v=DXqURW39_x0,681.0922064250365,682.9255187802157,e3b57cfd8_7,utterance_111.mp4,0.901780398191,0.824159432145,2
https://www.youtube.com/watch?v=DXqURW39_x0,684.5921663758331,687.2921354807335,e3b57cfd8_7,utterance_112.mp4,0.8662488110079999,0.787955309727,5
https://www.youtube.com/watch?v=DXqURW39_x0,688.3254569900163,689.3587784992991,e3b57cfd8_7,utterance_113.mp4,0.872460799647,0.8544131290729999,4
https://www.youtube.com/watch?v=DXqURW39_x0,692.7587395943589,693.8587270074663,e3b57cfd8_7,utterance_115.mp4,0.913485461633,0.888813791437,5
https://www.youtube.com/watch?v=DXqURW39_x0,697.8920141888606,708.3918940412507,e3b57cfd8_7,utterance_117.mp4,0.857474335975,0.885849839523,5
https://www.youtube.com/watch?v=DXqURW39_x0,707.9252327144777,718.0584500958321,e3b57cfd8_7,utterance_118.mp4,0.891790804129,0.7326033041329999,2
https://www.youtube.com/watch?v=DXqURW39_x0,717.4917899133221,727.9250038618875,e3b57cfd8_7,utterance_119.mp4,0.306150955635,0.376805880735,4
https://www.youtube.com/watch?v=DXqURW39_x0,727.5250084389393,738.0915541951541,e3b57cfd8_7,utterance_120.mp4,0.927349006361,0.8302983787199999,5
https://www.youtube.com/watch?v=DXqURW39_x0,737.5582269645565,747.9581079612095,e3b57cfd8_7,utterance_121.mp4,0.8499785626459999,0.800866886998,2
https://www.youtube.com/watch?v=DXqURW39_x0,747.3581148267872,757.158002689018,e3b57cfd8_7,utterance_122.mp4,0.8459496533149999,0.790944104306,5
https://www.youtube.com/watch?v=DXqURW39_x0,766.4912292244759,774.9911319621249,e3b57cfd8_7,utterance_124.mp4,0.891774632771,0.828802944004,4
https://www.youtube.com/watch?v=_rQlbCjboJ4,348.00631964585557,358.44984582506487,f1f277e5d_6,utterance_44.mp4,0.46,0.17341510244600006,4
https://www.youtube.com/watch?v=_rQlbCjboJ4,358.04945504503127,359.8178476568463,f1f277e5d_6,utterance_45.mp4,0.027000000000000003,0.266253490624,4
https://www.youtube.com/watch?v=_rQlbCjboJ4,360.15150664020763,363.0877056937872,f1f277e5d_6,utterance_46.mp4,0.486,0.249174730534,3
https://www.youtube.com/watch?v=_rQlbCjboJ4,373.4645000763242,380.3045092352313,f1f277e5d_6,utterance_48.mp4,0.077,0.328240149012,4
https://www.youtube.com/watch?v=_rQlbCjboJ4,390.2809128377347,396.48696992825523,f1f277e5d_6,utterance_50.mp4,0.096,0.112803521668,3
https://www.youtube.com/watch?v=_rQlbCjboJ4,396.82062891161655,407.23078919248974,f1f277e5d_6,utterance_51.mp4,0.6659999999999999,0.249361735999,4
https://www.youtube.com/watch?v=_rQlbCjboJ4,407.09732559914517,410.80094031445583,f1f277e5d_6,utterance_52.mp4,0.501,0.270194742952,3
https://www.youtube.com/watch?v=_rQlbCjboJ4,411.30142878949783,421.81168676537936,f1f277e5d_6,utterance_53.mp4,0.259,0.161763496832,4
https://www.youtube.com/watch?v=_rQlbCjboJ4,421.34456418867353,428.48486643260577,f1f277e5d_6,utterance_54.mp4,0.22,0.08532686948830001,3
https://www.youtube.com/watch?v=_rQlbCjboJ4,428.81852541596703,434.7576553197986,f1f277e5d_6,utterance_55.mp4,0.263,0.164082628833,4
https://www.youtube.com/watch?v=_rQlbCjboJ4,436.5260479316135,440.196296748588,f1f277e5d_6,utterance_56.mp4,0.295,0.177630080715,3
https://www.youtube.com/watch?v=_rQlbCjboJ4,440.4965898336132,451.4072385895284,f1f277e5d_6,utterance_57.mp4,0.198,0.321121364087,4
https://www.youtube.com/watch?v=_rQlbCjboJ4,451.2404090978477,457.81349107006565,f1f277e5d_6,utterance_58.mp4,0.062,0.319290936296,3
https://www.youtube.com/watch?v=_rQlbCjboJ4,458.48080903678834,468.8242375209892,f1f277e5d_6,utterance_59.mp4,0.15,0.239978475102,4
https://www.youtube.com/watch?v=_rQlbCjboJ4,468.29038314761107,470.6927278278126,f1f277e5d_6,utterance_60.mp4,0.0,0.217206794982,3
https://www.youtube.com/watch?v=_rQlbCjboJ4,470.62599603114035,474.46307433979547,f1f277e5d_6,utterance_61.mp4,0.0,0.292966423071,4
https://www.youtube.com/watch?v=_rQlbCjboJ4,474.8300992214929,480.8693268203328,f1f277e5d_6,utterance_62.mp4,0.512,0.234285555072,3
https://www.youtube.com/watch?v=_rQlbCjboJ4,481.8369378720806,483.5385986872234,f1f277e5d_6,utterance_63.mp4,0.337,0.194435114863,4
https://www.youtube.com/watch?v=_rQlbCjboJ4,483.4718668905511,492.41392764463444,f1f277e5d_6,utterance_64.mp4,0.46,0.213323000745,4
https://www.youtube.com/watch?v=_rQlbCjboJ4,492.814318424668,502.5571607388185,f1f277e5d_6,utterance_65.mp4,0.35,0.292966423071,3
https://www.youtube.com/watch?v=_rQlbCjboJ4,502.15676995878493,503.85843077392764,f1f277e5d_6,utterance_66.mp4,0.341,0.0774364044445,4
https://www.youtube.com/watch?v=_rQlbCjboJ4,504.49238284231416,507.9290703709358,f1f277e5d_6,utterance_67.mp4,0.0,0.160277594685,4
https://www.youtube.com/watch?v=_rQlbCjboJ4,507.995802167608,514.5021523431537,f1f277e5d_6,utterance_68.mp4,0.0,0.0836485806515,3
https://www.youtube.com/watch?v=_rQlbCjboJ4,515.0026408181957,525.8799236757748,f1f277e5d_7,utterance_69.mp4,0.695145147939,0.593130011928,1
https://www.youtube.com/watch?v=_rQlbCjboJ4,525.2793375057244,535.6894977865975,f1f277e5d_7,utterance_70.mp4,0.637330912301,0.528941953965,3
https://www.youtube.com/watch?v=_rQlbCjboJ4,535.3224729049,537.4245245000764,f1f277e5d_7,utterance_71.mp4,0.620558547826,0.539714467347,3
https://www.youtube.com/watch?v=_rQlbCjboJ4,537.4245245000764,547.8346847809495,f1f277e5d_7,utterance_72.mp4,0.35224397826700005,0.425223180963,1
https://www.youtube.com/watch?v=_rQlbCjboJ4,547.467659899252,550.7708838345291,f1f277e5d_7,utterance_73.mp4,0.7691382327959999,0.564650852103,3
https://www.youtube.com/watch?v=_rQlbCjboJ4,550.9710792245459,553.3734239047474,f1f277e5d_7,utterance_74.mp4,0.471280793449,0.639300141486,1
https://www.youtube.com/watch?v=_rQlbCjboJ4,554.2409372614868,562.6825095405281,f1f277e5d_7,utterance_75.mp4,0.688492219494,0.639302725961,3
https://www.youtube.com/watch?v=_rQlbCjboJ4,562.882704930545,573.4930606014349,f1f277e5d_7,utterance_76.mp4,0.570878552514,0.593892244415,1
https://www.youtube.com/watch?v=_rQlbCjboJ4,582.9689757288963,586.6058586475348,f1f277e5d_7,utterance_78.mp4,0.620735018684,0.48956504023,1
https://www.youtube.com/watch?v=_rQlbCjboJ4,586.7059563425431,597.2162143184247,f1f277e5d_7,utterance_79.mp4,0.8101062100740001,0.655792934805,2
https://www.youtube.com/watch?v=_rQlbCjboJ4,596.7490917417189,599.5518272019539,f1f277e5d_7,utterance_80.mp4,0.7020791766869999,0.525372574227,3
https://www.youtube.com/watch?v=_rQlbCjboJ4,599.7853884903068,606.9256907342391,f1f277e5d_7,utterance_81.mp4,0.5705539223080001,0.5525273946729999,1
https://www.youtube.com/watch?v=_rQlbCjboJ4,607.4929110059533,617.8363394901543,f1f277e5d_7,utterance_82.mp4,0.631099207204,0.4920010154,3
https://www.youtube.com/watch?v=_rQlbCjboJ4,617.3024851167761,624.6763486490612,f1f277e5d_7,utterance_83.mp4,0.6309025317629999,0.528552724932,1
https://www.youtube.com/watch?v=_rQlbCjboJ4,625.0100076324226,629.5144039078004,f1f277e5d_7,utterance_84.mp4,0.691862473429,0.482952165963,3
https://www.youtube.com/watch?v=_rQlbCjboJ4,629.9147946878339,640.4250526637155,f1f277e5d_7,utterance_85.mp4,0.6116732360270001,0.447087012848,3
https://www.youtube.com/watch?v=_rQlbCjboJ4,639.9579300870097,650.2679926728744,f1f277e5d_7,utterance_86.mp4,0.591228891169,0.625242170531,1
https://www.youtube.com/watch?v=_rQlbCjboJ4,650.0010654861854,651.4691650129752,f1f277e5d_7,utterance_87.mp4,0.562948290065,0.548024683716,3
https://www.youtube.com/watch?v=_rQlbCjboJ4,651.4024332163028,661.9126911921844,f1f277e5d_7,utterance_88.mp4,0.567528258259,0.5893474589909999,3
https://www.youtube.com/watch?v=_rQlbCjboJ4,661.4455686154786,672.5230468630745,f1f277e5d_7,utterance_89.mp4,0.7599720772220001,0.619202795545,3
